"chr","cnv","disorder","end","frequence","geneId","geneSysm","info","length","sampleId","start"
"Chr","CNV","Disorders(>=25%-overlap)","End","freq","GeneID","GeneSym","info","Length","","Start"
"1","2","nullGLMN;GLMN;GLMN;","93001403","0.01025641025641","0,6083,7813,5574,7049,100127934,11146,107985727,100462767,100873879,106481101,106481486,100418724,284697,26782,106481146,253152,676,100289500,100419803,646817,100128094,388649,106479476,6125,388650,2672,23285,106481764,100240711,79871,","SNORD21,EVI5,PRKAR1AP1,TGFBR3,LOC100127934,GLMN,LOC107985727,ACTBP12,HMGB3P9,RN7SL653P,RNU6-970P,CCNJP2,BTBD8,SNORA66,RN7SL824P,EPHX4,BRDT,LOC100289500,LOC100419803,SETSIP,LPCAT2BP,C1orf146,RN7SL692P,RPL5,FAM69A,GFI1,KIAA1107,RNU4-59P,GAPDHP46,RPAP2,","CNV;Confidence:;31.19242;LOH;Region;ABC_00023;[3];CNV;Bin:;Min;1.5;To;Max;2.5;","1270907","001_00023","91730496"
"1","2","null","143542264","0","0,105371207,105371206,105371215,105371214,728833,105371211,105371209,645126,105371219,101927429,105371217,105371216,107985528,1818,645142,554282,645166,101929780,401967,100189142,7214,107985755,107985754,5174,107985751,100189127,112268273,101060170,111644136,388692,100189356,729182,200025,105373467,101929805,200035,440686,101060207,100996712,27246,101929826,105369140,100189323,100288142,112268228,100189326,11126,100996732,728945,105371196,100996731,10623,100996741,100996740,106481626,100996737,100132479,106481620,100131962,284565,102466191,647569,101060254,730262,107985615,107985614,10401,100189533,100189534,101060524,6063,105379574,102724269,100189261,100132417,101927333,791227,107985110,106481634,106480357,103091866,3525,653519,101954267,199882,101954266,101954269,338391,107985595,647135,105371288,100189457,26863,100189452,729086,100189454,105371312,100189443,","LOC105371207,LOC105371206,LOC105371215,LOC105371214,FAM72D,LOC105371211,LOC105371209,PFN1P6,LOC105371219,LOC101927429,LOC105371217,LOC105371216,LOC107985528,DRD5P2,PPIAL4D,FAM72C,LOC645166,NBPF25P,NBPF17P,TRV-CAC8-1,TRN-GTT2-1,TRNAQ-CUG,TRNAN-GUU,PDZK1,TRNAN-GUU,TRN-GTT3-2,LOC112268273,LOC101060170,RNA5SP529,LOC388692,TRN-GTT12-1,FAM91A3P,PFN1P3,LOC105373467,LOC101929805,NUDT17,HIST2H3PS2,LOC101060207,SRGAP2D,RNF115,LINC01632,LOC105369140,TRN-GTT3-1,NBPF20,LOC112268228,TRV-CAC4-1,CD160,LOC100996732,PPIAL4F,LOC105371196,LOC100996731,POLR3C,LOC100996741,LOC100996740,RNU1-114P,LOC100996737,RPL22P5,RNU1-92P,LOC100131962,NBPF15,MIR6736,PFN1P12,LOC101060254,PPIAL4E,TRNAV-CAC,TRNAV-CAC,PIAS3,TRF-GAA9-1,TRN-GTT22-1,LOC101060524,RNVU1-11,LOC105379574,LOC102724269,TRQ-CTG4-2,FCGR1CP,CH17-125A10.2,TRN-GTT6-1,LOC107985110,RNU1-143P,RNA5SP59,LOC103091866,IGKV1OR1-1,GPR89A,RNVU1-15,LOC199882,RNVU1-14,RNVU1-17,HIST2H2BB,LOC107985595,SRGAP2B,LOC105371288,TRE-TTC7-1,RNVU1-18,TRQ-CTG11-1,LOC729086,TRE-TTC10-1,LOC105371312,TRR-CCT7-1,","CNV;Confidence:;45.65112;LOH;Region;ABC_00026;[2];CNV;Bin:;Min;1.5;To;Max;2.5;","-2317828","001_00026","145860092"
"1","2","nullTSEN15;TSEN15;TSEN15;TSEN15;LHX4;ACBD6;TSEN15;GLUL;NPHS2;TSEN15;NPHS2;GLUL;GLUL;","186899608","0.005128205128205","0,80896,163590,163589,7175,103344928,777,100526839,100271094,5132,23057,116496,148753,100859925,148756,353299,106478912,27,343326,89884,101928973,106480454,106481223,107985231,100130006,107985230,107985229,54823,102724919,100036575,730144,100462799,100287948,107985239,107985238,107985236,107985235,106479461,107985233,107985232,107985455,107985454,105371654,105371653,100130996,3140,105371651,105371649,105371648,730177,3915,51278,3918,106480904,4688,100271022,23127,100873306,100420262,100873305,100873826,84320,100420254,111501763,388719,106480436,10092,4206,57710,730213,110121215,5743,6004,110841583,403314,200058,100129421,1660,101929069,9857,10625,100423032,5768,126859,80267,23179,126860,10896,106479306,7827,85397,100131939,101929093,647070,400799,6041,81563,6045,100271717,9887,100527964,83872,100421471,103752588,54953,127665,105371638,105371637,105371636,100287822,105371635,111365143,105371634,100288079,127671,127670,105371646,108318669,105371644,106866914,9917,105371642,105371640,2752,102724830,100147761,5321,106480278,100129575,100129573,81627,81626,64222,100270872,102724857,10216,100499223,100421398,26092,284648,116461,100271127,284649,100422414,10228,6646,101928933,100129295,7418,9213,","NPL,TOR1AIP2,TDRD5,TPR,KIAA1614-AS1,CACNA1E,LOC100526839,RPS24P5,PDC,NMNAT2,FAM129A,FAM163A,COX5BP8,OVAAL,RGSL1,RNU6-41P,ABL2,KRT18P28,LHX4,LINC01732,RNU7-183P,RNU6-152P,LOC107985231,EIF4A1P11,LOC107985230,LOC107985229,SWT1,LOC102724919,HMGN1P4,EIF1P3,FTH1P25,LINC01699,LOC107985239,LOC107985238,LOC107985236,LOC107985235,RN7SL654P,LOC107985233,LOC107985232,LOC107985455,LOC107985454,LOC105371654,GS1-204I12.4,YPEL5P1,MR1,LOC105371651,LOC105371649,LOC105371648,RPS26P16,LAMC1,IER5,LAMC2,RN7SKP229,NCF2,RPL39P11,COLGALT2,RNA5SP72,LOC100420262,RNA5SP71,RNU5F-2P,ACBD6,LOC100420254,LOC111501763,LINC00272,RNA5SP70,ARPC5,MEF2AP1,KIAA1614,RPL5P5,LOC110121215,PTGS2,RGS16,LAMC1-AS1,APOBEC4,FLJ23867,RPL18P2,DHX9,LINC01633,CEP350,IVNS1ABP,MIR3121,QSOX1,AXDND1,EDEM3,RGL1,LOC126860,OCLM,RN7SL230P,NPHS2,RGS8,LOC100131939,LINC01350,LOC647070,LINC01344,RNASEL,C1orf21,RNF2,LOC100271717,SMG7,LHX4-AS1,HMCN1,LOC100421471,PACERR,ODR4,ZNF648,LOC105371638,LOC105371637,LOC105371636,SETP10,LOC105371635,LOC111365143,LOC105371634,GS1-279B7.1,TEDDM2P,TEDDM1,LOC105371646,LOC108318669,LINC01688,RNU6-1240P,FAM20B,LOC105371642,LOC105371640,GLUL,LOC102724830,RNU7-13P,PLA2G4A,MCRIP2P2,MR1P1,LOC100129573,TRMT1L,SHCBP1L,TOR3A,RPSAP16,LOC102724857,PRG4,LOC100499223,HNRNPA1P54,TOR1AIP1,LINC01686,TSEN15,RPS3AP8,SMG7-AS1,LOC100422414,STX6,SOAT1,LOC101928933,RPL22P24,VDAC1P4,XPR1,","CNV;Confidence:;305.1673;LOH;Region;ABC_00026;[2];CNV;Bin:;Min;1.5;To;Max;2.5;","7934665","001_00026","178964943"
"1","2","nullZMYM6;","36113857","0.035897435897436","0,643343,100861513,58512,105378647,1296,105378646,105378645,105378644,6421,27285,127703,79830,54936,26523,192670,100506144,106479047,63967,192669,653160,339488,100419802,100419477,100379666,100128093,9202,23154,9204,5690,106481060,79932,","RPL5P4,ZMYM4-AS1,DLGAP3,LOC105378647,COL8A2,LOC105378646,LOC105378645,LOC105378644,SFPQ,TEKT2,C1orf216,ZMYM1,ADPRHL2,AGO1,AGO4,TMEM35B,EFCAB14P1,CLSPN,AGO3,LOC653160,TFAP2E,LOC100419802,RPL12P45,RNY5P1,LOC100128093,ZMYM4,NCDN,ZMYM6,PSMB2,RN7SL503P,KIAA0319L,","CNV;Confidence:;24.94648;LOH;Region;ABC_00027;[3];CNV;Bin:;Min;1.5;To;Max;2.5;","1231957","001_00027","34881900"
"1","2","nullFLG;","153196358","0","0,100129271,3713,2312,54544,7062,199834,450210,450211,450208,450209,101927988,84648,6698,6699,6700,6701,6702,126638,6703,6704,6705,6706,6707,254910,163778,49860,448834,448835,339400,4184,101928009,388697,100289191,388699,388698,112268240,353133,353132,353135,353134,353131,107880064,327659,353141,353140,105371446,353143,105371445,353142,105371444,353137,353139,353145,353144,26239,","C1orf68,IVL,FLG,CRCT1,TCHH,LCE4A,LCEP4,LCEP3,LCEP1,LCEP2,LINC01527,LCE3D,SPRR1A,SPRR1B,SPRR2A,SPRR2B,SPRR2C,RPTN,SPRR2D,SPRR2E,SPRR2F,SPRR2G,SPRR3,LCE5A,SPRR4,CRNN,KPRP,LCE6A,FLG-AS1,SMCP,LOC101928009,HRNR,HMGN3P1,LINC00302,FLG2,LOC112268240,LCE1C,LCE1B,LCE1E,LCE1D,LCE1A,LOC107880064,PUDPP2,LCE2D,LCE2C,LOC105371446,LCE3B,LOC105371445,LCE3A,LOC105371444,LCE1F,LCE2A,LCE3E,LCE3C,LCE2B,","CNV;Confidence:;38.07092;LOH;Region;ABC_00027;[3];CNV;Bin:;Min;1.5;To;Max;2.5;","1083581","001_00027","152112777"
"1","2","null","93648783","0.01025641025641","0,6083,7813,100873291,100127934,11146,107985761,107985727,1810,100873879,100130531,106481486,100418724,54874,100131564,8412,26782,107985521,100129046,106481146,100421273,100289500,22823,100129180,106479476,6125,388650,2672,106479659,106479149,50999,106481764,343099,","SNORD21,EVI5,RNA5SP53,LOC100127934,GLMN,TRNAC-GCA,LOC107985727,DR1,HMGB3P9,LOC100130531,RNU6-970P,CCNJP2,FNBP1L,CCDC18-AS1,BCAR3,SNORA66,LOC107985521,LOC100129046,RN7SL824P,LOC100421273,LOC100289500,MTF2,RPL36AP11,RN7SL692P,RPL5,FAM69A,GFI1,RNU6-210P,RN7SKP123,TMED5,RNU4-59P,CCDC18,","CNV;Confidence:;24.38663;LOH;Region;ABC_00029;[5];CNV;Bin:;Min;1.5;To;Max;2.5;","1249180","001_00029","92399603"
"1","2","nullGJC2;PARP1;LEFTY2;PYCR2;LEFTY2;COQ8A;PYCR2;","228200694","0.005128205128205","0,106480344,391174,2052,7044,391169,391168,105373122,391171,644482,100127995,10637,142,200205,163859,100126822,375057,105379282,100271842,100421606,8476,100861470,100312804,5664,107985355,107985354,56997,286754,107985353,107985352,83881,339501,339500,2987,105373289,101060022,359729,89780,128308,101060016,100506443,100506571,106480367,100500810,401983,7483,55740,79169,729033,102466270,6726,100418874,65094,110121307,3020,57165,648262,100130466,107985463,101927247,100873311,106480135,29920,100847072,102723834,116841,574432,64746,255208,112268255,286826,503543,100128258,100271116,375,644862,105373119,105373117,105373116,3707,105373115,9725,105373113,","SEPT14P17,FAM96AP2,EPHX1,LEFTY2,CDKN2AIPNLP1,RPS3AP7,LOC105373122,TUBB8P10,NDUFA3P3,RPL34P7,LEFTY1,PARP1,IBA57,SDE2,LOC100126822,STUM,LOC105379282,LOC100271842,LOC100421606,CDC42BPA,YBX1P9,VN1R15P,PSEN2,LOC107985355,LOC107985354,COQ8A,LEFTY3,ACBD3-AS1,LOC107985352,MIXL1,PRSS38,ZNF678,GUK1,LOC105373289,LOC101060022,MRPL57P2,WNT3A,MRPL55,LOC101060016,ITPKB-IT1,LOC100506571,RN7SKP165,MIR3620,ZNF847P,WNT9A,ENAH,C1orf35,LOC729033,MIR6741,SRP9,LOC100418874,JMJD4,LOC110121307,H3F3A,GJC2,CICP26,NUCKS1P1,LINC01641,LOC101927247,RNA5SP77,RNU6-1304P,PYCR2,MIR5008,LOC102723834,SNAP47,IBA57-DT,ACBD3,TUBB8P9,LOC112268255,LIN9,BTF3P9,RPS18P3,RPS27P5,ARF1,RPS28P3,LOC105373119,LOC105373117,LOC105373116,ITPKB,LOC105373115,TMEM63A,LINC01703,","CNV;Confidence:;90.84827;LOH;Region;ABC_00029;[5];CNV;Bin:;Min;1.5;To;Max;2.5;","2671358","001_00029","225529336"
"1","2","nullSPRTN;B3GALNT2;GNPAT;LYST;B3GALNT2;HIST3H3;GNPAT;LYST;MTR;MTR;SPRTN;TBCE;ACTA1;TBCE;TBCE;TBCE;SPRTN;MTR;LYST;","237840474","0.005128205128205","0,10753,391175,731656,100271090,106481233,359948,107546745,107546747,107546746,102724100,2590,51742,100271066,101927478,106479218,100873256,27184,27185,100616141,100873270,107983960,100873274,100873273,58,106480227,128061,100130249,84033,106481178,101927504,574029,105373199,105373198,105373196,9804,105373207,105373206,107075120,105373201,107985465,107985464,9816,645201,105373215,88,7257,105373212,105373211,105373210,105373209,105373208,100873827,149603,100873314,8290,100873313,100873312,100287902,110121205,105373218,100873835,1130,58480,106480171,106481196,6262,645745,100131725,101927532,80003,107075306,92815,101927553,388753,100874390,81559,100302691,729257,148641,101927604,104472714,100129094,128178,183,100431173,106479331,100287814,107075293,3775,108004528,106481816,100302139,4811,100302132,74149540,112267873,645339,79573,57568,100874466,2786,5867,9453,6894,111365197,107546778,79605,107546780,6905,100418822,8443,111365208,100270855,126731,22796,101927711,375061,101927683,106481485,56605,64801,100421842,106479466,54583,148789,128312,100616390,106478948,84284,107985746,102723935,100130485,100616380,100288703,101927765,100271292,100506810,112268256,100506795,1570113,55127,54627,112268229,101927787,149371,3964,149373,105373124,100616308,105373132,10638,105373143,105379283,84886,440732,440730,105373159,23456,107985359,677802,110121264,105373158,107985358,110121265,107985357,110121266,100303453,440737,105373167,105373166,105373165,105373164,105373163,105373162,105373161,107548103,644006,105373172,105373171,105373170,51127,100190799,107985368,106480096,101927851,107985367,100131918,107985366,107985365,107985364,107985363,101929902,107985362,107985361,102465444,110121263,107985360,106480536,2497,55746,7107,4548,100169768,343508,337872,100169760,100169761,27097,100169762,100169763,100169764,100169765,83932,100169766,100169767,100616224,100169753,100169754,84451,100873185,100169755,100169756,100169757,100169758,100169759,2025,100169751,23029,101927401,729079,100288517,","CAPN9,RPL23AP15,LINC01348,RPS21P1,RNU6-180P,IRF2BP2,LOC107546745,LOC107546747,LOC107546746,LOC102724100,GALNT2,ARID4B,RPS15P2,LOC101927478,RN7SKP276,MTND4P10,DISC2,DISC1,MIR4428,MTND5P19,LOC107983960,RNA5SP19,RNA5SP18,ACTA1,RNU2-70P,C1orf131,PP2672,OBSCN,RNU4-21P,LINC01682,DUSP5P1,LINC01745,LOC105373198,LOC105373196,TOMM20,LOC105373207,LOC105373206,MTCYBP14,LOC105373201,LOC107985465,LOC107985464,URB2,HMGB1P26,LOC105373215,ACTN2,TSNAX,LOC105373212,LOC105373211,LOC105373210,LOC105373209,LOC105373208,RNU5E-2P,RNF187,RNA5SP80,HIST3H3,RNA5SP79,RNA5SP78,LGALS8-AS1,LOC110121205,LOC105373218,RNU5A-5P,LYST,RHOU,RNU1-74P,RNU4-77P,RYR2,MT1HL1,LOC100131725,LINC01736,PCNX2,MTND4LP21,HIST3H2A,LINC01737,COA6,RAC1P7,TRIM11,LINC00184,RPS24P4,SLC35F3,LOC101927604,DISC1-IT1,BTNL10,EDARADD,AGT,RNY4P16,RN7SL299P,LINC00582,MTCO3P46,KCNK1,LOC108004528,RN7SKP195,MIR1537,NID1,MIR1182,LOC112267873,SNRPD2P2,TTC13,SIPA1L2,HMGN2P19,GNG4,RAB4A,GGPS1,TARBP1,LOC111365197,LOC107546778,PGBD5,LOC107546780,TBCE,LOC100418822,GNPAT,LOC111365208,RPL9P10,CCSAP,COG2,LOC101927711,FAM89A,LINC01744,RNU6-968P,ERO1B,ARV1,LOC100421842,RN7SL668P,EGLN1,B3GALNT2,HIST3H2BB,MIR4427,MTND6P14,NTPCR,LOC107985746,LOC102723935,LOC100130485,MIR4671,LOC100288703,LOC101927765,RPL23AP23,LINC01132,LOC112268256,LINC01354,HEATR1,MAP10,LOC112268229,LOC101927787,EXOC8,LGALS8,LOC149373,LOC105373124,MIR4666A,LOC105373132,SPHAR,LOC105373143,LOC105379283,C1orf198,RPS7P3,TRIM67,LOC105373159,ABCB10,LOC107985359,SNORA14B,LOC110121264,LOC105373158,LOC107985358,LOC110121265,LOC107985357,LOC110121266,TSNAX-DISC1,RPL35P1,LOC105373167,LOC105373166,LOC105373165,LOC105373164,LOC105373163,LOC105373162,LOC105373161,LOC107548103,LOC644006,LOC105373172,LOC105373171,LOC105373170,TRIM17,LDHAP2,LOC107985368,RNU6-1211P,LOC101927851,LOC107985367,LOC100131918,LOC107985366,LOC107985365,LOC107985364,LOC107985363,LOC101929902,LOC107985362,LOC107985361,MIR6742,LOC110121263,LOC107985360,RN7SL837P,FTH1P2,NUP133,GPR137B,MTR,RNA5S17,LOC343508,HIST3H2BA,RNA5S9,RNA5S10,TAF5L,RNA5S11,RNA5S12,RNA5S13,RNA5S14,SPRTN,RNA5S15,RNA5S16,MIR4753,RNA5S2,RNA5S3,MAP3K21,MTND3P8,RNA5S4,RNA5S5,RNA5S6,RNA5S7,RNA5S8,ENO1P1,RNA5S1,RBM34,LOC101927401,RPSAP21,ISCA1P2,","CNV;Confidence:;626.9418;LOH;Region;ABC_00029;[5];CNV;Bin:;Min;1.5;To;Max;2.5;","9625430","001_00029","228215044"
"1","2","nullACADM;ACADM;ACADM;ACADM;ACADM;","76552483","0","0,204962,34,100418965,127247,1744,256435,105378806,5876,26804,106479789,26805,4438,646417,100422213,100421536,101927342,692085,","SLC44A5,ACADM,LOC100418965,ASB17,DLSTP1,ST6GALNAC3,LOC105378806,RABGGTB,SNORD45B,RNU6-503P,SNORD45A,MSH4,RPL29P5,LOC100422213,LOC100421536,LOC101927342,SNORD45C,","CNV;Confidence:;25.116;LOH;Region;ABC_00032;[8];CNV;Bin:;Min;1.5;To;Max;2.5;","1330060","001_00032","75222423"
"1","2","null","50471129","0.005128205128205","0,84871,107992392,100129919,79656,101929721,100874313,1996,63950,105378711,105378710,100873233,105378709,105378708,107984955,11124,105378706,107984954,343184,100422535,105378715,105378714,100507490,105378712,","AGBL4,LOC107992392,HMGB1P45,BEND5,LOC101929721,AGBL4-IT1,ELAVL4,DMRTA2,LOC105378711,LOC105378710,MTND2P29,LOC105378709,LOC105378708,LOC107984955,FAF1,LOC105378706,LOC107984954,RPS2P11,FCF1P6,LOC105378715,LOC105378714,ZNF859P,LOC105378712,","CNV;Confidence:;25.16983;LOH;Region;ABC_00037;[4];CNV;Bin:;Min;1.5;To;Max;2.5;","1754901","001_00037","48716228"
"1","2","nullCNKSR1;CNKSR1;CNKSR1;","26392773","0","0,110806296,84676,26119,105376910,57035,101928216,646471,257101,10256,55057,1043,100270889,3925,100270892,2134,79000,110121289,64793,91544,23585,359780,51042,7780,57190,106479615,100874411,57134,149420,105376886,105376885,378807,100420494,55219,83442,56181,100500808,6006,79927,6007,164091,388606,5051,101928303,","C1orf232,TRIM63,LDLRAP1,LOC105376910,RSRP1,LOC101928216,LOC646471,ZNF683,CNKSR1,CRYBG2,CD52,RPL34P4,STMN1,RPL39P7,EXTL1,AUNIP,LOC110121289,CEP85,UBXN11,TMEM50A,MRPS6P1,ZNF593,SLC30A2,SELENON,RNU6-110P,SNRPFP2,MAN1C1,PDIK1L,LOC105376886,LOC105376885,CATSPER4,LOC100420494,MACO1,SH3BGRL3,MTFR1L,MIR3917,RHCE,FAM110D,RHD,PAQR7,SDHDP7,PAFAH2,LOC101928303,","CNV;Confidence:;48.77242;LOH;Region;ABC_00040;[2];CNV;Bin:;Min;1.5;To;Max;2.5;","1096973","001_00040","25295800"
"1","2","nullMTF1;SNIP1;","38268116","0","0,2496,100873282,107984942,64769,29889,10946,100131572,102465438,127687,79753,106479825,79693,106480597,100270903,5453,100422898,100270826,2899,80149,105378655,105378654,105378653,105378651,105378650,105378649,100847010,107985103,2275,728431,106481342,55143,4520,284654,54955,100129497,51118,110120958,3633,284656,149175,391026,339442,110121256,7802,100500801,110120621,","FTH1P1,RNA5SP43,LOC107984942,MEAF6,GNL2,SF3A3,RPS27P9,MIR6732,C1orf122,SNIP1,RNU6-584P,YRDC,RNU6-636P,RPS29P6,POU3F1,MIR4255,RPS2P13,GRIK3,ZC3H12A,LOC105378655,LOC105378654,LOC105378653,LOC105378651,LOC105378650,LOC105378649,MIR5581,LOC107985103,FHL3,LINC01137,RNU6-510P,CDCA8,MTF1,RSPO1,C1orf109,LOC100129497,UTP11,LOC110120958,INPP5B,EPHA10,MANEAL,ACTN4P2,LINC01343,LOC110121256,DNALI1,MIR3659,LOC110120621,","CNV;Confidence:;63.39819;LOH;Region;ABC_00044;[3];CNV;Bin:;Min;1.5;To;Max;2.5;","1235143","001_00044","37032973"
"1","2","nullPRUNE1;POGZ;PRUNE1;PRUNE1;POGZ;POGZ;PRUNE1;PRUNE1;PRUNE1;PRUNE1;SF3B4;POGZ;POGZ;PRUNE1;FLG;CTSK;","153196358","0.005128205128205","0,343045,100129271,100534012,29956,10500,106481757,100874500,2312,79626,106479957,11022,79630,54544,106480204,100874262,729374,10262,101927949,8991,6944,107983947,101927988,148523,6698,6699,100132571,6700,653604,6701,6702,11311,6703,6704,6705,56882,441908,6706,6707,441907,5692,106479384,554313,284485,106480410,284486,448834,723790,100874054,29765,448835,317772,105371406,4170,5710,23632,388695,51027,23126,4184,101928009,107985204,107985203,388697,100289191,388699,80222,388698,112268240,105371427,1893,353133,333932,84072,105371438,5993,353132,353135,353134,102723955,105371434,105371433,353131,353141,353140,105371446,353143,105371445,353142,105371444,353137,105371442,7286,105371441,353139,440689,100189059,112268237,106479396,353145,56957,353144,112268239,112268238,26239,58497,3713,6281,6282,9869,8337,8338,405,7062,10903,117145,693139,199834,79005,8349,2209,106480634,51107,126626,55204,450210,450211,450208,450209,9129,100422997,84648,9900,100996521,106479860,126637,126638,8370,5298,54964,100270670,11189,149428,100191040,57530,54460,108254671,254910,391099,106480024,163778,339398,49860,100129586,100189502,81609,100270898,81611,8394,100862665,339400,574406,23248,6097,100271144,10962,337873,100131107,109616989,337874,101927886,100289061,8416,102465529,106481086,51686,51177,1513,54507,100507670,2029,65005,107880064,327659,126961,1520,55793,109729145,57592,100132111,109729141,","CYCSP51,C1orf68,TNFAIP8L2-SCNM1,CERS2,SEMA6C,RN7SL480P,SPTLC1P4,FLG,TNFAIP8L2,RNU6-884P,TDRKH,C1orf54,CRCT1,RNU2-17P,UBE2D3P3,RPS10P6,SF3B4,LOC101927949,SELENBP1,VPS72,LOC107983947,LINC01527,CIART,SPRR1A,SPRR1B,LOC100132571,SPRR2A,HIST2H3D,SPRR2B,SPRR2C,VPS45,SPRR2D,SPRR2E,SPRR2F,CDC42SE1,NBPF18P,SPRR2G,SPRR3,LOC441907,PSMB4,RN7SL444P,HIST2H4B,RIIAD1,RNU6-1309P,THEM5,KPRP,HIST2H2AA4,FALEC,TMOD4,LCE6A,HIST2H2AB,LOC105371406,MCL1,PSMD4,CA14,LYSMD1,BOLA1,POGZ,SMCP,LOC101928009,LOC107985204,LOC107985203,HRNR,HMGN3P1,LINC00302,TARS2,FLG2,LOC112268240,LOC105371427,ECM1,LCE1C,HIST2H3A,HORMAD1,LOC105371438,RFX5,LCE1B,LCE1E,LCE1D,LOC102723955,LOC105371434,LOC105371433,LCE1A,LCE2D,LCE2C,LOC105371446,LCE3B,LOC105371445,LCE3A,LOC105371444,LCE1F,LOC105371442,TUFT1,LOC105371441,LCE2A,HIST2H2BF,TRN-GTT8-1,LOC112268237,RN7SL473P,LCE3E,OTUD7B,LCE3C,LOC112268239,LOC112268238,LCE2B,PRUNE1,IVL,S100A10,S100A11,SETDB1,HIST2H2AA3,HIST2H2AC,ARNT,TCHH,MTMR11,THEM4,MIR554,LCE4A,SCNM1,HIST2H2BE,FCGR1A,RNU6-1062P,APH1A,GABPB2,GOLPH3L,LCEP4,LCEP3,LCEP1,LCEP2,PRPF3,MIR4257,LCE3D,SV2A,CTXND2,RNU6-662P,TCHHL1,RPTN,HIST2H4A,PI4KB,C1orf56,LOC100270670,CELF3,BNIPL,C2CD4D,CGN,MRPS21,LOC108254671,LCE5A,KRT8P28,RNU6-1042P,SPRR4,LINGO4,CRNN,LOC100129586,TRR-CCT8-1,SNX27,RPS11P3,ANP32E,PIP5K1A,RNY4P25,FLG-AS1,ADAMTSL4-AS1,RPRD2,RORC,RPS27AP6,MLLT11,HIST2H2BC,LOC100131107,SNORD13C,HIST2H2BD,GBAT2,LOC100289061,ANXA9,MIR6878,RN7SL600P,OAZ3,PLEKHO1,CTSK,ADAMTSL4,LOC100507670,ENSA,MRPL9,LOC107880064,PUDPP2,HIST2H3C,CTSS,MINDY1,RPS29P29,ZNF687,LOC100132111,TDRKH-AS1,","CNV;Confidence:;89.12211;LOH;Region;ABC_00044;[3];CNV;Bin:;Min;1.5;To;Max;2.5;","3469050","001_00044","149727308"
"1","2","null","195653169","0.015384615384615","105371671,107985458,","LOC105371671,LOC107985458,","CNV;Confidence:;31.00665;LOH;Region;BAC_00011;[5];CNV;Bin:;Min;1.5;To;Max;2.5;","1139933","002_00011","194513236"
"1","2","nullGLMN;GLMN;GLMN;","93648783","0.015384615384615","0,6083,7813,5574,100873291,100127934,11146,107985761,107985727,1810,100462767,100873879,100130531,106481486,100418724,54874,100131564,8412,284697,26782,107985521,100129046,106481146,100421273,100289500,100419803,22823,100129180,388649,106479476,6125,388650,2672,106479659,23285,106479149,50999,106481764,100240711,79871,343099,","SNORD21,EVI5,PRKAR1AP1,RNA5SP53,LOC100127934,GLMN,TRNAC-GCA,LOC107985727,DR1,ACTBP12,HMGB3P9,LOC100130531,RNU6-970P,CCNJP2,FNBP1L,CCDC18-AS1,BCAR3,BTBD8,SNORA66,LOC107985521,LOC100129046,RN7SL824P,LOC100421273,LOC100289500,LOC100419803,MTF2,RPL36AP11,C1orf146,RN7SL692P,RPL5,FAM69A,GFI1,RNU6-210P,KIAA1107,RN7SKP123,TMED5,RNU4-59P,GAPDHP46,RPAP2,CCDC18,","CNV;Confidence:;26.88033;LOH;Region;ABC_00049;[4];CNV;Bin:;Min;1.5;To;Max;2.5;","1540214","001_00049","92108569"
"1","2","null","73790424","0.01025641025641","107985391,109729166,106479103,105378799,106478992,105378798,339468,105378797,105378796,101927295,105378802,106480110,105378801,105378800,126811,","LOC107985391,LINC02238,RN7SKP19,LOC105378799,RNA5SP50,LOC105378798,LOC339468,LOC105378797,LOC105378796,LINC01360,LOC105378802,RNU6-1246P,LOC105378801,LOC105378800,KRT8P21,","CNV;Confidence:;25.79263;LOH;Region;ABC_00053;[8];CNV;Bin:;Min;1.5;To;Max;2.5;","1417578","001_00053","72372846"
"1","2","nullSLC25A24;GLMN;COL11A1;GLMN;COL11A1;SLC25A24;COL11A1;COL11A1;COL11A1;DBT;GLMN;AGL;AGL;AGL;AGL;AGL;","108183767","0","0,107985519,107985518,284672,110120602,126987,23566,101928476,284695,100996630,107075191,23576,24,106480192,101927434,284697,94236,107985521,100996635,107075198,388132,107075142,106479216,106479217,148534,107075157,107075162,100286918,106479205,107075164,343099,101060164,110120664,100421045,100421046,100130235,106480141,2135,101927498,107985421,107985420,101927542,107985417,2152,100506007,107985412,100129180,107985408,30836,106479149,110120683,8317,64645,100129138,58511,57489,100873879,111556158,101927560,1179,102606465,26782,106481400,100128094,107075272,51375,101927587,84144,199857,178,84146,553139,9403,100240711,9411,100873933,164045,100873932,54482,10451,100873946,100462880,8412,100616481,100129046,253152,1266,7412,100616452,255231,343301,343296,100130034,29957,80135,84230,107985761,22802,440594,106481484,276,440595,1301,277,106481486,278,279,280,281,107985743,100419803,22823,642337,106479476,55599,1338,107985744,100505788,22854,100127934,112268286,107985727,100462767,100505768,100418724,112268267,25950,8543,8556,110120959,100505741,400759,5489,102723436,112268231,646526,112268230,112268232,400765,100616321,400761,148867,107403236,646538,102723480,653702,646555,406928,54680,51611,110120716,9629,3491,9635,100505690,101927871,343477,106479593,110120739,105379827,9653,343472,105379825,101927844,105378814,105378813,100419654,8634,105378812,117178,105378811,105378810,5567,101927891,5574,107403169,110120795,1486,109616984,5586,100499497,110120776,100271140,100128787,106480573,646626,100128775,359941,105378887,105378886,105378885,101927952,105378884,105378883,100130802,105378882,127495,105378881,105378880,107984998,105378889,105378888,107983999,100873234,107985018,163351,388646,441893,401957,494115,100873255,441891,100289500,107457601,103695366,388649,648740,388650,101927975,100189133,106481764,105378823,339524,105378821,105378819,105378816,105378831,100873291,100873290,2633,100873289,2634,105378828,2635,105378827,105378826,105378825,163404,105378824,105378839,105378838,102723661,105378836,105378835,105378834,105378833,105378847,54873,54874,105378844,105378843,106479621,105378842,1629,105378841,105378855,105378854,105378853,105378852,105378851,105378850,105378849,105378848,105378863,105378862,105378861,106480690,105378860,105378859,105378858,105378856,2672,439927,106479659,105378867,646780,105378866,100873333,105378864,105378879,105378878,105378874,105378872,7813,646784,107985124,255631,110120990,100527978,118427,101928079,106481862,100421468,115361,110121010,9890,115362,100129620,676,100421465,101928118,107985096,646817,107985095,107985094,2730,107985093,107985092,100132699,110121023,107985088,101928098,107985116,107985104,5825,107985061,100270897,107985057,100270900,100270901,729817,8915,100270894,110121031,102723784,100270882,107985076,100270885,360165,23266,107985037,2787,100421401,100421397,729828,107985054,107985052,23285,107985046,101928169,107985043,107985041,102724892,492303,101928219,100420341,1806,100874508,1810,100130531,100422372,100131564,645931,101928241,102465842,58155,646970,102465839,50999,100316867,106480920,729930,106479897,723788,103283057,101928270,100130455,54112,126820,100421273,55144,1901,729970,79739,100126348,55170,391053,729987,7049,11146,391051,2959,730010,23443,106481101,391059,693138,107985396,51100,101928334,101928370,106481146,730029,100129348,100420166,148418,100421182,6083,148423,619457,163786,106481042,56267,23507,100129325,100129320,106481082,109729128,100131348,101927412,101928436,6125,104355286,55283,126969,79871,","LINC01773,LOC107985518,PTGES3P1,LOC110120602,LOC126987,LPAR3,LINC01676,ZNF326,LINC01760,MTCO2P21,DDAH1,ABCA4,RNU1-130P,LOC101927434,BTBD8,DNAJA1P5,LOC107985521,LOC100996635,MTND3P21,RPL17P5,MTCO1P14,RN7SKP270,RN7SKP272,TMEM56,MTATP6P14,MTCO3P21,NDUFS5P2,RN7SKP247,MTCO1P21,CCDC18,LOC101060164,LOC110120664,BCAS2P2,SOD2P1,KATNBL1P2,RNU6-1318P,EXTL2,LINC01361,LOC107985421,LOC107985420,LINC01712,LOC107985417,F3,RTCA-AS1,LOC107985412,RPL36AP11,LOC107985408,DNTTIP2,RN7SKP123,LOC110120683,CDC7,MFSD14A,LOC100129138,DNASE2B,ODF2L,HMGB3P9,LOC111556158,LOC101927560,CLCA1,LOC102606465,SNORA66,RNU6-695P,LPCAT2BP,MTATP6P13,SNX7,LINC01725,SYDE2,ALG14,AGL,ZNF644,LOC553139,SELENOF,GAPDHP46,ARHGAP29,DPYD-AS2,HFM1,DPYD-AS1,TRMT13,VAV3,VAV3-AS1,ELOCP19,BCAR3,MIR4423,LOC100129046,EPHX4,CNN3,VCAM1,MIR2682,MCOLN2,RPL10AP4,ADH5P2,RPL36AP12,SLC25A24,RPF1,LRRC8C,TRNAC-GCA,CLCA4,LINC01761,RNU6-965P,AMY1A,EEF1A1P11,COL11A1,AMY1B,RNU6-970P,AMY1C,AMY2A,AMY2B,AMYP1,LOC107985743,LOC100419803,MTF2,FTLP17,RN7SL692P,RNPC3,COX6A1P1,LOC107985744,LOC100505788,NTNG1,LOC100127934,LOC112268286,LOC107985727,ACTBP12,LINC01364,CCNJP2,LOC112268267,RWDD3,LMO4,CDC14A,LOC110120959,SPATA1,GBP1P1,PPIAP7,LOC102723436,LOC112268231,HMGB1P18,LOC112268230,LOC112268232,MIR137HG,MIR378G,LRRC8C-DT,SLC30A7,MTCO3P14,RPL7P10,LOC102723480,RPL7P9,LOC646555,MIR137,ZNHIT6,DPH5,LOC110120716,CLCA3P,CYR61,CLCA2,LOC100505690,LOC101927871,HSP90B3P,RNU4-75P,LOC110120739,LOC105379827,HS2ST1,BARHL2,LOC105379825,LOC101927844,LOC105378814,LOC105378813,LOC100419654,RTCA,LOC105378812,SSX2IP,LOC105378811,LOC105378810,PRKACB,PKN2-AS1,PRKAR1AP1,MTCO2P14,LOC110120795,CTBS,SNORD3G,PKN2,LOC100499497,LOC110120776,RPL36AP10,LINC01349,RNU6-352P,LOC646626,LOC100128775,CDK4P1,LOC105378887,LOC105378886,LOC105378885,LOC101927952,LINC01677,LOC105378883,RPL39P13,LOC105378882,LRRC39,LOC105378881,LOC105378880,LOC107984998,LINC01661,LOC105378888,LOC107983999,MTND2P30,LOC107985018,GBP6,GBP7,GAPDHP29,LOC401957,RBMXL1,MTND4P11,WDR82P2,LOC100289500,LOC107457601,LINC01461,C1orf146,ACTG1P4,FAM69A,LOC101927975,TRR-TCT1-1,RNU4-59P,LOC105378823,LINC01140,LOC105378821,LOC105378819,LOC105378816,LOC105378831,RNA5SP53,RNA5SP52,GBP1,RNA5SP51,GBP2,LOC105378828,GBP3,LOC105378827,LOC105378826,LOC105378825,PLPPR5,LOC105378824,LOC105378839,LOC105378838,LOC102723661,LOC105378836,LOC105378835,LOC105378834,LOC105378833,LOC105378847,PALMD,FNBP1L,LOC105378844,LOC105378843,RNU6-125P,LOC105378842,DBT,LOC105378841,LOC105378855,LINC01763,LOC105378853,LOC105378852,LOC105378851,LOC105378850,LOC105378849,LOC105378848,LOC105378863,LOC105378862,LOC105378861,RPL23AP90,LOC105378860,LOC105378859,LOC105378858,LOC105378856,GFI1,LINC01555,RNU6-210P,LOC105378867,PHKA1P1,LOC105378866,SEPT2P1,LOC105378864,LOC105378879,LOC105378878,LOC105378874,LINC01709,EVI5,RPL5P6,LOC107985124,COL24A1,LOC110120990,TMEM56-RWDD3,OLFM3,SLC44A3-AS1,RN7SL831P,LOC100421468,GBP4,LOC110121010,PLPPR4,GBP5,LOC100129620,BRDT,LOC100421465,LOC101928118,LOC107985096,SETSIP,LOC107985095,LOC107985094,GCLM,LOC107985093,LOC107985092,NFU1P2,LOC110121023,LOC107985088,LOC101928098,LOC107985116,LOC107985104,ABCD3,LOC107985061,RPL7AP17,LOC107985057,RPS20P6,RPS20P7,HNRNPA3P14,BCL10,RPL39P9,LOC110121031,LOC102723784,RPL21P26,LOC107985076,RPL26P9,NDUFA4P1,ADGRL2,LOC107985037,GNG5,LOC100421401,HNRNPA1P68,ST13P20,LOC107985054,LOC107985052,KIAA1107,LOC107985046,LINC01650,LOC107985043,LOC107985041,LOC102724892,GEMIN8P4,LOC101928219,SEC63P1,DPYD,CHCHD2P5,DR1,LOC100130531,NDE1P1,CCDC18-AS1,FEN1P1,LINC01787,MIR7856,PTBP2,LOC646970,MIR7852,TMED5,ARF4P5,RN7SKP285,LOC729930,RNU6-750P,MIG7,LINC01362,LINC01708,LOC100130455,GPR88,WDR63,LOC100421273,LRRC8D,S1PR1,LOC729970,TTLL7,MIR760,PRMT6,CAPNS1P1,LINC01776,TGFBR3,GLMN,UOX,GTF2B,BRI3P1,SLC35A3,RN7SL653P,FRRS1,MIR553,LOC107985396,SH3GLB1,LOC101928334,LOC101928370,RN7SL824P,RPSAP19,CDCA4P2,LOC100420166,SAMD13,PGBD4P7,SNORD21,C1orf52,UBE2WP1,SASS6,RN7SL440P,KYAT3,LRRC8B,HNRNPA1P64,HMGB3P10,RN7SL583P,LINC01930,LOC100131348,LINC01781,LOC101928436,RPL5,LINC01307,MCOLN3,SLC44A3,RPAP2,","CNV;Confidence:;1127.166;LOH;Region;ABC_00053;[8];CNV;Bin:;Min;1.5;To;Max;2.5;","28999691","001_00053","79184076"
"1","2","nullVANGL1;KCNA2;LRIG2;AP4B1;GNAI3;NRAS;ALX3;AP4B1;VANGL1;LRIG2;AP4B1;AMPD2;GPSM2;GPSM2;KCNA2;AP4B1;AMPD2;TSHB;AMPD2;AMPD2;AMPD2;TAF13;VANGL1;AMPD2;GPSM2;SLC6A17;TSHB;","117685286","0","0,100420092,100421116,100129269,101928977,515,728589,105378895,105378893,105378892,643586,105378891,105378890,10768,105378903,643609,105378901,105378899,105378898,105378897,27159,105378911,105378910,127003,105378909,127002,100132332,105378906,100533731,347675,105378904,105378919,105378918,401959,105378917,105378916,105378915,105378914,105378913,105378912,107161156,105378927,105378926,105378925,105378924,100422608,101929023,441898,441899,441896,10286,441897,105378920,204851,101928995,388662,100874295,5686,100873269,107126361,55356,388667,148545,56900,57413,81479,54855,106479633,107985443,100873293,100873292,26191,643160,7252,79961,100507044,100996702,1117,54879,333926,5738,55917,110121184,56944,100132742,23155,55924,126581,149620,57463,6272,9860,7812,113802,100151667,140,163479,10390,101929099,3737,10905,3738,100287840,6301,6814,100996251,3744,100996263,3749,3752,643232,106480360,9398,100422976,57535,6847,4803,4808,29899,2773,79574,100270893,100287778,343263,2780,100270886,100302117,6884,100506392,100421402,102724853,101410535,79084,106480310,84722,100873974,4343,111365211,3321,257,643329,100873995,100420342,8458,642818,270,80143,271,64783,100287722,100270827,5906,643355,100506343,440602,101928718,440603,4893,440600,93993,10542,100418763,284467,642864,7482,164153,148281,829,79679,254268,100616384,128322,100462772,106479377,107985190,107985189,260425,359752,845,112268287,55119,106481431,107985184,128338,653149,128344,64858,128346,107985167,100129428,107985160,728428,107985159,106479927,107985180,10100,84852,85369,112268233,643441,107985174,112268235,104355139,112268234,22911,100132488,2944,2946,2947,2948,2949,389,80263,400769,51592,54665,677766,100126331,727941,914,111413047,126868,5016,391069,171419,1435,101928846,1952,83873,9122,246182,6566,81839,100420170,6071,406974,100130383,163259,284612,284613,339396,963,965,284611,106481041,84432,100271656,11218,110121283,110121285,476,10717,100132906,104355292,101928952,85487,55791,10745,","LOC100420092,LOC100421116,LINC01160,LOC101928977,ATP5PB,NAP1L4P1,LOC105378895,LOC105378893,LOC105378892,PKMP1,LOC105378891,LOC105378890,AHCYL1,LOC105378903,NR1H5P,LOC105378901,LOC105378899,LOC105378898,LOC105378897,CHIA,LOC105378911,LOC105378910,C1orf194,LOC105378909,ATXN7L2,CNOT7P2,LOC105378906,RLIMP2,EIF2S2P5,LOC105378904,LOC105378919,LOC105378918,VDAC2P3,LOC105378917,LINC01765,LOC105378915,LOC105378914,LOC105378913,HP08777,LOC107161156,LOC105378927,LOC105378926,LOC105378925,LOC105378924,SLC25A24P2,LINC01762,RPS15AP9,VPS25P1,RPL7P8,BCAS2,PGCP1,LOC105378920,HIPK1,LINC01649,SLC6A17,KCND3-IT1,PSMA5,MTND5P20,CD2-LCR,SLC22A15,C1orf137,NBPF4,TMEM167B,TMIGD3,OR11I1P,FAM46C,RNU6-151P,LOC107985443,RNA5SP55,RNA5SP54,PTPN22,CYMP,TSHB,DENND2D,NBPF5P,LINC01356,CHI3L2,ST7L,PPM1J,PTGFRN,CTTNBP2NL,LOC110121184,OLFML3,RPL17P7,CLCC1,FAM212B,MRPL57P1,CHIAP2,AMIGO1,SORT1,LRIG2,CSDE1,HENMT1,RNU7-70P,ADORA3,FNDC7,CEPT1,LOC101929099,KCNA2,MAN1A2,KCNA3,LOC100287840,SARS,STXBP3,LOC100996251,KCNA10,LOC100996263,KCNC4,KCND3,NRBF2P3,UBE2FP3,CD101,MIR4256,KIAA1324,SYCP1,NGF,NHLH2,GPSM2,GNAI3,EPS8L3,RPL39P8,ELOCP20,MYBPHL,GNAT2,RPL26P10,MIR320B1,TAF13,SLC16A1-AS1,LOC100421402,NDUFA5P10,LAMTOR5-AS1,WDR77,RNY1P13,PSRC1,LINC02586,MOV10,LOC111365211,IGSF3,ALX3,KRT18P57,KCND3-AS1,CHIAP1,TTF2,ST13P21,AMPD1,SIKE1,AMPD2,RBM15,AP4B1-AS1,RPS2P14,RAP1A,LINC01750,FAM212B-AS1,CYMP-AS1,LOC101928718,BCL2L15,NRAS,RBM15-AS1,NDUFB3P1,LAMTOR5,CCNT2P1,FAM19A3,SPATA42,WNT2B,UBL4B,SYT6,CAPZA1,VTCN1,AKNAD1,MIR548AC,NUTF2P4,FTH1P22,RN7SL420P,LINC01779,LOC107985189,MAGI3,MRPL53P1,CASQ2,LOC112268287,PRPF38B,RNU6-792P,LOC107985184,DRAM2,NBPF6,PIFO,DCLRE1B,C1orf162,LINC01768,RANP5,LOC107985160,RPS15P1,LOC107985159,RNU6-817P,LOC107985180,TSPAN2,ATP1A1-AS1,STRIP1,LOC112268233,LOC643441,LOC107985174,LOC112268235,LINC01397,LOC112268234,WDR47,RPS27P6,GSTM1,GSTM2,GSTM3,GSTM4,GSTM5,RHOC,TRIM45,HNRNPA1P43,TRIM33,RSBN1,SCARNA2,MIR942,SLC25A24P1,CD2,LOC111413047,MAB21L3,OVGP1,GAPDHP64,TXNP3,CSF1,HIPK1-AS1,CELSR2,GPR61,SLC16A4,AKR7A2P1,SLC16A1,VANGL1,LOC100420170,RNU6V,MIR197,HIGD1AP12,DENND2C,SYPL2,CYB561D1,NEFHP1,CD53,CD58,FAM102B,RN7SL432P,PROK1,LOC100271656,DDX20,LOC110121283,LOC110121285,ATP1A1,AP4B1,RPL13AP10,LINC01525,LOC101928952,RPS19P2,LRIF1,PHTF1,","CNV;Confidence:;439.206;LOH;Region;ABC_00053;[8];CNV;Bin:;Min;1.5;To;Max;2.5;","9475924","001_00053","108209362"
"1","2","nullPHGDH;HMGCS2;NOTCH2;TBX15;NOTCH2;TBX15;HMGCS2;","119996693","0","0,6913,644237,10885,440606,110121098,644242,100874270,83998,391077,391076,391073,391075,101929147,441900,391081,401960,105378935,105378934,54834,105378933,105378930,105378929,104472716,105378938,105378937,105378936,343495,100270905,107985192,107985447,107985191,100131261,100421047,100873294,11085,111721703,3283,3284,343505,3158,100420260,100421281,200162,767850,109029530,109029529,128102,51179,10352,26227,111776218,106480172,4853,644094,90874,644213,100192389,","TBX15,GAPDHP33,WDR3,HSD3BP2,LOC110121098,LINC00622,HAO2-IT1,REG4,GAPDHP58,HSD3BP1,GAPDHP74,GAPDHP23,LOC101929147,HSD3BP3,HSD3BP5,GAPDHP27,LOC105378935,LINC01780,GDAP2,LOC105378933,LOC105378930,LOC105378929,WARS2-IT1,LOC105378938,LOC105378937,LOC105378936,RPL6P2,RPS3AP12,LOC107985192,LOC107985447,LOC107985191,PNRC2P1,RBMX2P3,RNA5SP56,ADAM30,LOC111721703,HSD3B1,HSD3B2,NBPF7,HMGCS2,NOTCH2P1,LOC100421281,SPAG17,PFN1P9,LOC109029530,LOC109029529,HSD3BP4,HAO2,WARS2,PHGDH,LOC111776218,RNU1-75P,NOTCH2,PSMC1P12,ZNF697,GAPDHP32,LOC100192389,","CNV;Confidence:;87.21387;LOH;Region;ABC_00053;[8];CNV;Bin:;Min;1.5;To;Max;2.5;","2309094","001_00053","117687599"
"1","2","nullFLAD1;PRUNE1;ADAR;POGZ;PRUNE1;PRUNE1;POGZ;POGZ;FLAD1;FLAD1;PRUNE1;PRUNE1;PRUNE1;PRUNE1;SF3B4;ADAR;ADAR;FLAD1;HAX1;ADAR;POGZ;POGZ;PRUNE1;GATAD2B;FLG;ADAR;HAX1;CHRNB2;CTSK;","155060306","0.005128205128205","0,343045,100129271,7170,106481757,23557,343052,644634,106480204,100874262,10262,149018,3608,107985526,101927949,107983947,27173,101927988,148523,6698,6699,6700,91181,6701,6702,11311,6703,8751,6704,6705,56882,441908,6706,6707,441907,57402,5692,29765,106479646,4170,106479637,5710,23632,388695,114771,55891,23126,4184,6232,388701,101928009,127579,388697,388699,388698,65123,149095,106481215,103,100996717,101928059,100996716,333932,84072,100270995,101928034,57459,1141,7286,100189059,56957,106480167,26239,6271,58497,3713,6273,6274,6275,101060226,6276,101060227,6277,6278,6279,6280,6281,6282,6283,1163,6284,9869,100423020,8337,8338,10899,10903,199834,730257,79005,100151652,8349,90780,2209,126626,450210,450211,450208,106479358,450209,100422997,84648,9898,101928120,9900,106479860,126637,126638,100189015,8370,5298,54964,9909,101928101,100191040,57530,54460,106866913,653513,100189498,49860,100129586,100189502,3782,81609,100270898,81611,8394,100862665,126669,126668,23248,10962,100131107,101929669,10456,8416,100270873,54507,107880064,100270868,5872,375027,100422411,57592,100132111,11000,100534012,29956,10500,645900,100874500,2312,102723348,79626,106479957,11022,79630,54544,4881,89872,729374,653598,57115,8991,6944,55585,140576,102466879,645922,100132571,101929790,653604,107985753,107985752,25912,106479384,6464,112268272,554313,284485,106480410,284486,448834,645965,723790,100874054,448835,317772,105371406,102724437,105371403,51027,107985206,101929801,107985204,107985203,100289191,80222,112268240,51043,105371427,1893,148327,353133,148330,105371438,5993,353132,353135,353134,102723955,105371434,105371433,353131,57198,353141,353140,105371446,353143,105371445,100874097,353142,105371444,353137,105371442,105371441,353139,440689,112268237,106479396,353145,112268236,353144,100126346,112268239,106480934,105371449,112268238,105371448,338324,57234,405,7062,106481615,117145,693139,10654,106480634,51107,55204,9129,100996521,4014,100189257,100847024,400818,100270670,11189,80308,106481646,149428,102465441,9659,391102,108254671,254910,391099,100505666,106480024,163778,339398,574414,339400,574406,6097,100271144,100189228,337873,109616989,337874,101927886,100289061,102465529,106481086,51686,51177,1513,100507670,106480563,2029,65005,57326,327659,126961,1520,55793,26097,3570,109729145,109617023,127481,200186,109729141,","CYCSP51,C1orf68,TPM3,RN7SL480P,SNAPIN,LOC343052,FAM231D,RNU2-17P,UBE2D3P3,SF3B4,LELP1,ILF2,LOC107985526,LOC101927949,LOC107983947,SLC39A1,LINC01527,CIART,SPRR1A,SPRR1B,SPRR2A,NUP210L,SPRR2B,SPRR2C,VPS45,SPRR2D,ADAM15,SPRR2E,SPRR2F,CDC42SE1,NBPF18P,SPRR2G,SPRR3,LOC441907,S100A14,PSMB4,TMOD4,RNU6-179P,MCL1,RNU6-160P,PSMD4,CA14,LYSMD1,PGLYRP3,LENEP,POGZ,SMCP,RPS27,C1orf189,LOC101928009,DCST2,HRNR,LINC00302,FLG2,INTS3,DCST1,RNU6-121P,ADAR,LOC100996717,LOC101928059,LOC100996716,HIST2H3A,HORMAD1,RPL34P5,LOC101928034,GATAD2B,CHRNB2,TUFT1,TRN-GTT8-1,OTUD7B,RNU1-59P,LCE2B,S100A1,PRUNE1,IVL,S100A2,S100A3,S100A4,NBPF19,S100A5,LOC101060227,S100A6,S100A7,S100A8,S100A9,S100A10,S100A11,S100A12,CKS1B,S100A13,SETDB1,MIR4258,HIST2H2AA3,HIST2H2AC,JTB,MTMR11,LCE4A,LOC730257,SCNM1,RNU7-57P,HIST2H2BE,PYGO2,FCGR1A,GABPB2,LCEP4,LCEP3,LCEP1,RN7SL372P,LCEP2,MIR4257,LCE3D,UBAP2L,LOC101928120,SV2A,RNU6-662P,TCHHL1,RPTN,TRX-CAT1-1,HIST2H4A,PI4KB,C1orf56,DENND4B,IL6R-AS1,C2CD4D,CGN,MRPS21,RN7SL431P,LOC653513,TRG-CCC6-1,CRNN,LOC100129586,TRR-CCT8-1,KCNN3,SNX27,RPS11P3,ANP32E,PIP5K1A,RNY4P25,SHE,TDRD10,RPRD2,MLLT11,LOC100131107,GEMIN2P1,HAX1,ANXA9,RPSAP17,ADAMTSL4,LOC107880064,RPS7P2,RAB13,S100A7P2,PSMD8P1,ZNF687,LOC100132111,SLC27A3,TNFAIP8L2-SCNM1,CERS2,SEMA6C,LAPTM4BP1,SPTLC1P4,FLG,LOC102723348,TNFAIP8L2,RNU6-884P,TDRKH,C1orf54,CRCT1,NPR1,AQP10,RPS10P6,PPIAL4C,PGLYRP4,SELENBP1,VPS72,UBE2Q1,S100A16,MIR8083,S100A7L2,LOC100132571,LOC101929790,HIST2H3D,TRNAV-CAC,TRNAN-GUU,C1orf43,RN7SL444P,SHC1,LOC112268272,HIST2H4B,RIIAD1,RNU6-1309P,THEM5,KPRP,LOC645965,HIST2H2AA4,FALEC,LCE6A,HIST2H2AB,LOC105371406,LOC102724437,LOC105371403,BOLA1,LOC107985206,FAM91A2P,LOC107985204,LOC107985203,HMGN3P1,TARS2,LOC112268240,ZBTB7B,LOC105371427,ECM1,CREB3L4,LCE1C,MRPS33P1,LOC105371438,RFX5,LCE1B,LCE1E,LCE1D,LOC102723955,LOC105371434,LOC105371433,LCE1A,ATP8B2,LCE2D,LCE2C,LOC105371446,LCE3B,LOC105371445,UBE2Q1-AS1,LCE3A,LOC105371444,LCE1F,LOC105371442,LOC105371441,LCE2A,HIST2H2BF,LOC112268237,RN7SL473P,LCE3E,LOC112268236,LCE3C,MIR190B,LOC112268239,RN7SL44P,LOC105371449,LOC112268238,LOC105371448,S100A7A,LINC00869,ARNT,TCHH,RNU1-68P,THEM4,MIR554,PMVK,RNU6-1062P,APH1A,GOLPH3L,PRPF3,CTXND2,LOR,TRN-GTT11-2,MIR5698,NBPF9,LOC100270670,CELF3,FLAD1,RNU2-38P,BNIPL,MIR6737,PDE4DIP,RPLP0P4,LOC108254671,LCE5A,KRT8P28,DCST1-AS1,RNU6-1042P,SPRR4,LINGO4,PRR9,FLG-AS1,ADAMTSL4-AS1,RORC,RPS27AP6,TRV-CAC5-1,HIST2H2BC,SNORD13C,HIST2H2BD,GBAT2,LOC100289061,MIR6878,RN7SL600P,OAZ3,PLEKHO1,CTSK,LOC100507670,RNU6-239P,ENSA,MRPL9,PBXIP1,PUDPP2,HIST2H3C,CTSS,MINDY1,CHTOP,IL6R,RPS29P29,SNORA58B,S100A7P1,CRTC2,TDRKH-AS1,","CNV;Confidence:;220.8526;LOH;Region;ABC_00053;[8];CNV;Bin:;Min;1.5;To;Max;2.5;","6216950","001_00053","148843356"
"1","2","null","195469323","0.015384615384615","106481490,","RNU6-983P,","CNV;Confidence:;26.62168;LOH;Region;ABC_00053;[8];CNV;Bin:;Min;1.5;To;Max;2.5;","1009277","001_00053","194460046"
"1","2","null","248473961","0","0,102724382,317705,105373271,391189,391191,391190,105373279,391196,57116,105373275,391192,105373273,81439,391195,100312805,391194,81440,100419806,93474,100887078,25893,163882,100271312,403245,106481782,403241,81458,25909,81462,81465,81466,81469,81470,81472,102724446,112268277,26696,441932,441933,26188,441931,401992,148818,107985726,100216488,112268259,127059,148823,127062,127064,148824,127066,127074,100873316,84838,504175,284521,284532,114548,343165,127608,100131465,127617,343173,343172,343169,26245,127623,343171,26246,343170,26247,100533111,101928089,149134,100500849,388759,51097,388761,254879,388762,107985100,255654,400812,107985375,107985373,110121251,107985115,100128834,729806,100130097,107985599,64216,106479039,100420880,100420881,64754,79862,7678,","LOC102724382,VN1R5,LOC105373271,OR11L1,OR2AK2,OR2L8,LOC105373279,OR2M7,ZNF695,LOC105373275,OR2L3,LOC105373273,OR9H1P,OR2T33,VN1R16P,OR2M2,OR6R1P,LOC100419806,ZNF670,LOC100887078,TRIM58,CNST,RPL35AP6,OR2X1P,RNU6-1283P,OR2T32P,OR2T7,AHCTF1,OR2L9P,OR2L6P,OR2L5,OR2G3,OR2G2,OR2C3,LOC102724446,LOC112268277,OR2T1,OR2W5,OR13G1,OR1C1,VN1R17P,OR2T2,HSD17B7P1,LOC107985726,LOC100216488,LOC112268259,OR2M5,GCSAML,OR2M3,OR2T12,GCSAML-AS1,OR14C36,OR2T4,RNA5SP82,ZNF496,OR3D1P,OR2L13,OR14A16,NLRP3,LOC343165,OR2AJ1,LOC100131465,OR14L1P,OR2T3,OR2T8,OR6F1,OR2M4,OR2B11,OR2W3,OR2L2,OR14K1,OR2L1P,ZNF670-ZNF695,LOC101928089,LINC01341,MIR3916,C1orf229,SCCPDH,OR14A2,OR2T6,OR2M1P,LOC107985100,LINC01743,FLJ39095,LOC107985375,LOC107985373,LOC110121251,LOC107985115,CLK3P2,ZNF731P,KIF28P,LOC107985599,TFB2M,CHCHD4P5,LOC100420880,FGFR3P6,SMYD3,ZNF669,ZNF124,","CNV;Confidence:;126.3369;LOH;Region;ABC_00053;[8];CNV;Bin:;Min;1.5;To;Max;2.5;","2482625","001_00053","245991336"
"1","2","nullPTPN14;","214603593","0","0,107985263,100861504,643471,1063,105372911,110121306,110121057,110120610,100505832,56950,90806,105372912,643454,5784,79805,100270983,5629,26750,","LOC107985263,LINC00538,KRT18P12,CENPF,LOC105372911,LOC110121306,LOC110121057,LOC110120610,PROX1-AS1,SMYD2,ANGEL2,LOC105372912,LOC643454,PTPN14,VASH2,RPL31P13,PROX1,RPS6KC1,","CNV;Confidence:;86.04466;LOH;Region;ABC_00066;[1];CNV;Bin:;Min;1.5;To;Max;2.5;","1678879","001_00066","212924714"
"1","2","nullMMACHC;POMGNT1;POMGNT1;MMACHC;TOE1;POMGNT1;POMGNT1;","46447097","0","0,100128639,728963,101929626,440587,387338,100874386,541468,60313,101929651,79654,57643,51249,10420,266675,8503,6202,26811,8891,109623476,728887,5052,644790,128192,105378694,105378693,8643,105378691,126661,3652,105378690,100873286,4678,55624,100270896,26828,26830,339541,94161,94163,94162,107984952,10327,729041,7388,7389,23139,343521,149478,100101407,149483,110117498,100873832,84842,110117499,1263,4595,114034,400752,25974,8438,2166,10103,10489,11004,359803,","HMGB1P48,RPS15AP10,LOC101929626,RPL6P1,NSUN4,OSTCP5,LURAP1,GPBP1L1,LINC01398,HECTD3,ZSWIM5,TMEM69,TESK2,BEST4,PIK3R3,RPS8,SNORD55,EIF2B3,SNORD160,CCNB1IP1P1,PRDX1,RPS15AP11,PPIAP35,LOC105378694,LOC105378693,PTCH2,LOC105378691,CCDC163,IPP,LOC105378690,RNA5SP47,NASP,POMGNT1,RPL7AP16,RNU5F-1,RNU5D-1,ARMH1,SNORD46,SNORD38B,SNORD38A,LOC107984952,AKR1A1,FAAHP1,UQCRH,UROD,MAST2,TCTEX1D4,BTBD19,TMA16P2,CCDC17,LOC110117498,RNU5E-6P,HPDL,LOC110117498-PIK3R3,PLK3,MUTYH,TOE1,LINC01144,MMACHC,RAD54L,FAAH,TSPAN1,LRRC41,KIF2C,MRPS17P1,","CNV;Confidence:;27.7719;LOH;Region;ABC_00069;[4];CNV;Bin:;Min;1.5;To;Max;2.5;","1738456","001_00069","44708641"
"1","2","nullCLCNKA;ATP13A2;CLCNKA;ATP13A2;CLCNKA;ATP13A2;CLCNKB;CLCNKB;","17184208","0","0,79363,114819,110806303,729614,100421113,100189183,106501713,106501712,100189298,100189045,4237,107105261,128272,100132070,441876,729500,7193,55707,7195,7709,645652,107985101,1187,1188,101927479,23207,107985736,102723383,111562380,6060,374955,107985759,1969,107985758,107985757,729662,791226,284723,54455,149563,101056699,284729,106480152,348487,100133301,100132147,100189500,84809,11209,280661,100189486,11223,105376794,54751,100189479,9696,105376806,105376805,100421279,23013,23400,11240,101927546,729574,112267871,100421267,105376808,440567,100500876,26099,26869,388595,107984921,26870,6390,26871,55672,27129,440568,","CPLANE2,CROCCP3,SLC25A34-AS1,FLJ37453,CROCCP4,TRN-GTT13-1,LOC106501713,LOC106501712,TRG-CCC1-2,TRG-CCC5-1,MFAP2,RNU1-5P,ARHGEF19,FAM231EP,RPS16P1,RPL12P14,TRE-TTC3-1,NECAP2,TRNAG1,ZBTB17,MT1XP1,LOC107985101,CLCNKA,CLCNKB,LOC101927479,PLEKHM2,LOC107985736,LOC102723383,LOC111562380,RNU1-4,SPATA21,TRNAG-CCC,EPHA2,TRNAE-UUC,TRNAN-GUU,RPL22P3,TRN-GTT4-1,SLC25A34,FBXO42,SRARP,TRK-CTT7-1,ESPNP,RNU1-6P,FAM131C,FAM231BP,LINC01783,TRV-CAC13-1,CROCCP2,MST1P2,EIF1AXP1,TRG-CCC4-1,MST1L,LOC105376794,FBLIM1,TRV-CAC11-2,CROCC,LOC105376806,LOC105376805,LOC100421279,SPEN,ATP13A2,PADI2,ANO7L1,FAM231AP,LOC112267871,LOC100421267,LOC105376808,UQCRHL,MIR3675,SZRD1,RNU1-3,TMEM82,LINC01772,RNU1-2,SDHB,RNU1-1,NBPF1,HSPB7,LOC440568,","CNV;Confidence:;46.08871;LOH;Region;ABC_00074;[9];CNV;Bin:;Min;1.5;To;Max;2.5;","1457210","001_00074","15726998"
"1","2","nullLBR;WDR26;WDR26;LBR;","225462801","0.01025641025641","0,105373061,106481498,4931,105373056,106480848,100313769,107985338,3930,107985099,29097,80232,100616468,101927164,8560,105373110,105373109,23219,105373108,127602,101927143,149111,105373106,102723817,401982,724084,","LOC105373061,RNU6-1008P,NVL,LOC105373056,RN7SKP49,MIR320B2,LOC107985338,LBR,LOC107985099,CNIH4,WDR26,MIR4742,LOC101927164,DEGS1,LOC105373110,LOC105373109,FBXO28,LOC105373108,DNAH14,LOC101927143,CNIH3,LOC105373106,LOC102723817,AKR1B1P1,LOC724084,","CNV;Confidence:;45.3968;LOH;Region;ABC_00077;[12];CNV;Bin:;Min;1.5;To;Max;2.5;","1398176","001_00077","224064625"
"1","2","nullLBR;WDR26;WDR26;LBR;","225462801","0.01025641025641","0,105373061,106481498,4931,105373056,106480848,100313769,107985338,3930,107985099,29097,80232,100616468,101927164,8560,105373110,105373109,23219,105373108,127602,101927143,149111,105373106,102723817,401982,724084,","LOC105373061,RNU6-1008P,NVL,LOC105373056,RN7SKP49,MIR320B2,LOC107985338,LBR,LOC107985099,CNIH4,WDR26,MIR4742,LOC101927164,DEGS1,LOC105373110,LOC105373109,FBXO28,LOC105373108,DNAH14,LOC101927143,CNIH3,LOC105373106,LOC102723817,AKR1B1P1,LOC724084,","CNV;Confidence:;45.3968;LOH;Region;ABC_00078;[13];CNV;Bin:;Min;1.5;To;Max;2.5;","1398176","001_00078","224064625"
"1","2","null","73991169","0.015384615384615","107985391,109729166,106479103,105378799,106478992,105378798,339468,105378797,105378796,101927295,105378802,106480110,105378801,105378800,126811,106481157,","LOC107985391,LINC02238,RN7SKP19,LOC105378799,RNA5SP50,LOC105378798,LOC339468,LOC105378797,LOC105378796,LINC01360,LOC105378802,RNU6-1246P,LOC105378801,LOC105378800,KRT8P21,RNU4ATAC8P,","CNV;Confidence:;33.81237;LOH;Region;ABC_00079;[14];CNV;Bin:;Min;1.5;To;Max;2.5;","1559407","001_00079","72431762"
"1","2","null","189888812","0","100873307,106480241,100652918,105371657,107985456,","RNA5SP73,CLPTM1LP1,GAPDHP75,LOC105371657,LINC01701,","CNV;Confidence:;24.23779;LOH;Region;ABC_00084;[5];CNV;Bin:;Min;1.5;To;Max;2.5;","1101761","001_00084","188787051"
"1","2","null","89485833","0.005128205128205","101927891,0,729930,284672,110120664,391053,2633,2634,56267,2635,110120990,2959,105378839,105378838,5586,163351,112268267,107985076,105378844,100462880,105378843,106479621,105378842,100271140,105378841,100130455,115361,106481082,388646,115362,494115,100421401,400759,","PKN2-AS1,LOC729930,PTGES3P1,LOC110120664,CAPNS1P1,GBP1,GBP2,KYAT3,GBP3,LOC110120990,GTF2B,LOC105378839,LOC105378838,PKN2,GBP6,LOC112268267,LOC107985076,LOC105378844,ELOCP19,LOC105378843,RNU6-125P,LOC105378842,RPL36AP10,LOC105378841,LOC100130455,GBP4,RN7SL583P,GBP7,GBP5,RBMXL1,LOC100421401,GBP1P1,","CNV;Confidence:;34.57162;LOH;Region;CBD_004;[12];CNV;Bin:;Min;1.5;To;Max;2.5;","1294509","ASD_004","88191324"
"1","2","nullFLAD1;GON4L;GON4L;GON4L;GON4L;RIT1;RIT1;GBA;GBA;FLAD1;FLAD1;RIT1;FLAD1;DPM3;ASH1L;DPM3;GON4L;GBA;GBA;GBA;","156002096","0.005128205128205","0,6016,80128,677771,106633816,106633810,7818,100129405,1163,100423020,7059,1942,1944,1945,90780,10654,693140,106479613,645676,55974,23208,100419798,101928120,100419799,1196,8751,2224,80308,677823,57657,102465442,645682,55870,100505666,6464,5313,2629,3782,2630,23623,54344,284620,54856,106480657,284618,339403,55249,55891,10067,106627982,107985210,106627981,107985209,107985208,10712,107985207,127579,9181,51043,4580,149095,4581,4582,22889,57326,55154,101929703,693235,359804,200185,105371452,100132108,105371450,100505728,105371449,648822,","RIT1,TRIM46,SCARNA4,SCARNA26B,SCARNA26A,DAP3,MSTO2P,CKS1B,MIR4258,THBS3,EFNA1,EFNA3,EFNA4,PYGO2,PMVK,MIR555,RNU6-106P,ASH1L-AS1,SLC50A1,SYT11,LOC100419798,LOC101928120,LOC100419799,CLK2,ADAM15,FDPS,FLAD1,SNORA80E,HCN3,MIR6738,POU5F1P4,ASH1L,DCST1-AS1,SHC1,PKLR,GBA,KCNN3,GBAP1,RUSC1,DPM3,LOC284620,GON4L,RNU6-1297P,RUSC1-AS1,RXFP4,YY1AP1,LENEP,SCAMP3,LOC106627982,LOC107985210,LOC106627981,LOC107985209,LOC107985208,FAM189B,LOC107985207,DCST2,ARHGEF2,ZBTB7B,MTX1,DCST1,MTX1P1,MUC1,KHDC4,PBXIP1,MSTO1,LOC101929703,MIR92B,DAP3P1,KRTCAP2,LOC105371452,LOC100132108,LOC105371450,LOC100505728,LOC105371449,HMGN2P18,","CNV;Confidence:;31.05485;LOH;Region;CBD_016;[16];CNV;Bin:;Min;1.5;To;Max;2.5;","1220378","ASD_016","154781718"
"1","2","nullASPM;CRB1;CRB1;CRB1;CRB1;CRB1;CRB1;ASPM;","197897227","0.005128205128205","0,259266,127011,3075,3078,3080,100129017,106480343,360023,359767,100996886,730232,100616363,2165,81494,100420875,23418,105371675,163486,105371674,10877,10878,343450,","ASPM,LOC127011,CFH,CFHR1,CFHR2,RPL24P5,SEPT14P12,ZBTB41,MRPS21P3,LOC100996886,EEF1A1P32,MIR4735,F13B,CFHR5,FAM204BP,CRB1,LOC105371675,DENND1B,LOC105371674,CFHR4,CFHR3,KCNT2,","CNV;Confidence:;32.54931;LOH;Region;ABC_00090;[1];CNV;Bin:;Min;1.5;To;Max;2.5;","1761041","001_00090","196136186"
"1","2","nullDHRS3;MTHFR;DHRS3;DHRS3;PLOD1;MTHFR;MTOR;PLOD1;","15044002","0","0,60672,93190,729356,106479696,441870,100616438,441871,112268221,4878,4879,645382,5394,441873,101060126,343069,343068,343071,343070,343066,100421341,9249,126755,102724659,126767,645414,102465836,645425,653619,6723,100873280,106481426,390997,390996,390999,107985469,390998,107985468,107985467,284498,400735,391004,391003,391002,65121,65122,106481724,649324,100873829,400736,105378612,90231,7799,26232,107984919,107984918,107984917,148345,649330,106479907,10630,100379251,106480336,23435,55187,106481100,102724742,26270,1185,105376740,105376739,105376737,105376736,374946,93611,2475,4524,105376745,943,105376744,105376759,729528,105376756,102466722,110121260,100129611,102466982,100419649,105376762,57540,9927,494541,101060301,100873935,26829,101929181,100270891,23254,29914,10459,7133,645354,106479804,645359,5351,106479551,102724856,10218,109729120,101929983,111591499,106481579,440563,650236,440560,677885,440561,10747,57085,106480037,","MIIP,C1orf158,PRAMEF29P,RNU6-291P,PRAMEF30P,MIR4632,PRAMEF7,LOC112268221,NPPA,NPPB,PRAMEF33,EXOSC10,PRAMEF25,LOC101060126,HNRNPCL1,PRAMEF5,PRAMEF10,PRAMEF9,AADACL4,UBE2V2P3,DHRS3,LRRC38,LOC102724659,AADACL3,PRAMEF19,MIR7846,PRAMEF20,PRAMEF15,SRM,RNA5SP41,RNU6-777P,LOC390997,CFL1P6,PRAMEF12,LOC107985469,RPL10P17,LOC107985468,LOC107985467,C1orf167,PRAMEF4,PRAMEF17,PRAMEF18,PRAMEF8,PRAMEF1,PRAMEF2,BRWD1P1,PRAMEF34P,RNU5E-4P,PRAMEF13,LOC105378612,KIAA2013,PRDM2,FBXO2,LOC107984919,LOC107984918,LOC107984917,C1orf127,HNRNPCL3,RNU6-771P,PDPN,NPPA-AS1,RPL23AP89,TARDBP,VPS13D,RN7SL649P,PRAMEF28P,FBXO6,CLCN6,LOC105376740,LOC105376739,LOC105376737,LOC105376736,DRAXIN,FBXO44,MTOR,MTHFR,LINC01784,TNFRSF8,LOC105376744,LOC105376759,PRAMEF14,LOC105376756,MIR6730,LOC110121260,PRAMEF31P,MIR6729,PRAMEF35P,KAZN-AS1,DISP3,MFN2,TBCAP2,HNRNPCL4,MTOR-AS1,RNU5E-1,LINC01647,RPL39P6,KAZN,UBIAD1,MAD2L2,TNFRSF1B,PRAMEF36P,RNU6-537P,PRAMEF26,PLOD1,RNU6ATAC18P,LOC102724856,ANGPTL7,MTCYBP45,PRAMEF27,LOC111591499,RNU6-1265P,HNRNPCL2,PRAMEF32P,PRAMEF11,SNORA59A,PRAMEF6,MASP2,AGTRAP,RNU6-1072P,","CNV;Confidence:;238.2107;LOH;Region;ABC_00092;[3];CNV;Bin:;Min;1.5;To;Max;2.5;","4072452","001_00092","10971550"
"1","2","nullKCNH1;IRF6;PPP1R15B;DSTYK;KCNH1;IRF6;DSTYK;","212172159","0","0,3586,100130289,100271100,520,5129,442891,642587,7188,100421610,101929476,100128723,100419028,553,9261,100271063,100420558,100189122,100874296,401981,1604,100271037,23114,3664,100189098,4179,4182,93273,5208,107985460,574036,100421537,100873309,100873308,4194,7779,105371695,105371694,105371693,105371692,100873838,105371689,105371702,105371701,100131205,105371698,388734,388730,102466202,105372869,107984109,730255,106480863,83593,105372879,55432,105372878,137,105372877,105372876,105372873,4751,105372887,199827,102723727,101930114,105372884,100652908,105372883,105372880,105372895,105372894,105372893,105372892,105372891,105372889,105372888,105372903,105372902,105372901,5284,105372899,105372898,105372897,5287,105372896,3756,105372904,100418892,25778,100189515,9911,100129102,100420418,106481310,64710,9926,103021295,10446,722,103021296,724,725,148696,3290,100422434,100422947,3814,8934,110121081,100188945,100128537,100420878,5362,111365207,6900,79098,8444,29949,105372857,100418819,11009,107985261,107985260,641293,107985259,107985258,107985257,107985256,107985255,100189425,107985254,107985253,107985251,107985250,100422894,727831,25896,5929,106480503,50486,84791,727859,51514,111429612,148811,148808,115019,3914,111644140,148304,5972,23380,57172,100271276,22874,127841,1378,1379,127845,1380,9580,81788,106481959,101669762,440712,100131961,1939,284573,91548,284581,27042,284576,284577,284578,85414,9641,50604,947,55220,55733,84919,729533,55224,107548112,255928,105748977,56256,406988,338382,55758,2005,100291628,80342,254428,101929459,1510,83953,101929441,391158,407026,407025,110120807,100271106,391160,9214,343035,","IL10,SNRPGP10,RPS25P2,ATP5MC2P1,CDK18,MIR135B,MIR205HG,TRAF5,C4BPAP3,LINC01698,CBX1P3,SNX25P1,AVPR1B,MAPKAPK2,RPS14P1,CDCA4P3,TRK-TTT3-1,KCNH1-IT1,FDPSP8,CD55,RPL7AP20,NFASC,IRF6,TRK-TTT8-1,CD46,CD46P1,LEMD1,PFKFB2,LOC107985460,SERTAD4-AS1,LOC100421537,RNA5SP75,RNA5SP74,MDM4,SLC30A1,LOC105371695,LOC105371694,LOC105371693,LOC105371692,RNU5A-8P,LOC105371689,LOC105371702,LOC105371701,RPL21P28,LOC105371698,LOC388734,TMEM81,MIR6769B,LOC105372869,LOC107984109,RPL17P8,RN7SKP98,RASSF5,LOC105372879,YOD1,LOC105372878,ADORA2BP1,LOC105372877,LOC105372876,LOC105372873,NEK2,LOC105372887,RNASEH1P3,LOC102723727,LOC101930114,LOC105372884,LOC100652908,LOC105372883,LOC105372880,LOC105372895,LINC01774,LINC01717,LOC105372892,LOC105372891,LOC105372889,LOC105372888,LOC105372903,LOC105372902,LOC105372901,PIGR,LOC105372899,LOC105372898,LINC01696,PIK3C2B,LOC105372896,KCNH1,LOC105372904,GYG2P2,DSTYK,TRP-TGG5-1,TMCC2,RPL22P4,LOC100420418,RNU6-418P,NUCKS1,LPGAT1,LOC103021295,LRRN2,C4BPA,LOC103021296,C4BPAP2,C4BPB,LOC148696,HSD11B1,LOC100422434,MIR3122,KISS1,RAB29,LOC110121081,CDCA4P4,MIR29B2CHG,LOC100420878,PLXNA2,LOC111365207,CNTN2,C1orf116,DYRK3,IL19,LOC105372857,IPO8P1,IL24,LOC107985261,LOC107985260,RPL21P19,LOC107985259,LOC107985258,LOC107985257,LOC107985256,LOC107985255,TRK-TTT3-2,LINC01735,LOC107985253,LOC107985251,LOC107985250,MIR4260,RPL13AP8,INTS7,RBBP5,RN7SL344P,G0S2,LINC00467,C4BPAP1,DTL,LOC111429612,PM20D1,MFSD4A,SLC26A9,LAMB3,RNA5SP534,C1orf74,REN,SRGAP2,CAMK1G,RPL13AP11,PLEKHA6,LINC00628,CR1,CR1L,GOLT1A,CR2,SOX13,NUAK2,RNU2-19P,BLACAT1,RHEX,ST13P19,EIF2D,LINC00303,LOC91548,LOC284581,DIEXF,LEMD1-AS1,LOC284577,LOC284578,SLC45A3,IKBKE,IL20,CD34,KLHDC8A,HHAT,PPP1R15B,FAM72A,ETNK2,LOC107548112,SYT14,LINC01693,SERTAD4,MIR205,RAB7B,RCOR3,ELK4,LOC100291628,TRAF3IP3,SLC41A1,LOC101929459,CTSE,FCAMR,ERLNC1,TFDP1P,MIR29C,MIR29B2,LOC110120807,RPS26P13,ARPC3P2,FCMR,RD3,","CNV;Confidence:;462.202;LOH;Region;ABC_00092;[3];CNV;Bin:;Min;1.5;To;Max;2.5;","8215331","001_00092","203956828"
"1","2","nullTGFB2;FLVCR1;PTPN14;PARP1;LEFTY2;LBR;PYCR2;IARS2;RAB3GAP2;LEFTY2;TGFB2;WDR26;COQ8A;WDR26;LBR;PYCR2;TGFB2;TGFB2;","227719596","0","0,2052,391169,391168,391171,2058,163859,100421606,100861470,5664,105373281,286754,1063,339500,127018,4139,100129243,728615,110120610,2104,401982,401983,100130251,100861504,3142,6726,643136,106481171,728134,101929565,101929541,106480142,107985463,107985462,107985461,100873311,100873310,100419489,106480135,100302234,100418968,107126282,286826,127086,127602,23668,644220,149111,56950,100129664,3707,100270983,26750,644214,724084,643723,388743,100505982,6791,106480848,149643,101929631,10380,149647,142,5784,128153,100132179,107985099,107985098,56997,105372911,105372908,105372907,105372906,102723761,648359,105372919,105372918,105372916,23219,105372915,100129090,25782,100506443,90806,105372912,106480367,105372926,105372925,105372924,100874424,105372923,105372922,105372920,3776,110121042,102466270,100418874,100873924,643779,107985596,54996,55509,29920,100132626,102723834,102723833,7399,64746,100616468,255208,55532,101927164,503543,29937,110121057,101927143,64757,102723817,107984018,107985263,107985262,106481498,101929750,100127995,101929730,375057,100505832,375056,55061,107985272,100271842,8476,164127,100312804,100422371,441124,100885798,105373025,105373034,107403081,102723886,105373046,359729,28982,105373041,9015,101929771,824,103611157,100189378,111429604,55105,105372934,105372932,4931,103752555,105372930,105372929,100422330,105372928,51018,105372937,25936,105372950,100313769,64853,100130466,105372945,359762,3930,105372956,101927247,105373475,730978,80232,728417,100129948,112268255,8560,106479916,643454,105372984,128387,7042,728463,7044,105373122,643471,148362,642946,100380272,644482,440714,10637,107325941,100126822,55699,79762,107325942,5525,105379282,106480578,110806276,400804,107985354,107985353,107985352,83881,29097,677818,400823,101060016,692157,106480111,106479584,110121257,106481633,326591,79802,79805,7100,55740,51133,406969,106481049,105373061,107985323,105373056,107985318,110121306,110121307,100506161,3020,55248,102724046,467,406997,11221,107985338,643536,100271120,107985281,84976,105373110,105373109,100287497,105373108,107985307,105373106,100128258,100271116,7159,391165,105373119,105373117,107985300,105373116,105373115,5629,9725,105373113,391162,107985296,","EPHX1,CDKN2AIPNLP1,RPS3AP7,TUBB8P10,EPRS,SDE2,LOC100421606,YBX1P9,PSEN2,LOC105373281,LEFTY3,CENPF,ZNF678,LYPLAL1,MARK1,RPS15AP12,CICP13,LOC110120610,ESRRG,AKR1B1P1,ZNF847P,NXNP1,LINC00538,HLX,SRP9,ZC3H11B,RNU6ATAC35P,RPL23AP18,LINC01740,LOC101929541,RNU6-1319P,LINC01641,LOC107985462,LOC107985461,RNA5SP77,RNA5SP76,HDAC1P2,RNU6-1304P,MIR664A,SNX2P1,SEPT14P15,LIN9,XRCC6P3,DNAH14,UBBP2,ACTBP11,CNIH3,SMYD2,PRELID3BP1,ITPKB,RPL31P13,RPS6KC1,PHBP11,LOC724084,LYPLAL1-DT,CAPN8,UBE2V1P13,AURKAPS1,RN7SKP49,SPATA45,LINC01653,BPNT1,FAM71A,PARP1,PTPN14,SPATA17,LOC100132179,LOC107985099,LOC107985098,COQ8A,LOC105372911,LOC105372908,LOC105372907,LOC105372906,LOC102723761,ABHD17AP3,LOC105372919,LOC105372918,LOC105372916,FBXO28,LOC105372915,RPS5P4,RAB3GAP2,ITPKB-IT1,ANGEL2,LOC105372912,RN7SKP165,LOC105372926,LINC01710,LOC105372924,SNRPEP10,LOC105372923,LOC105372922,LOC105372920,KCNK2,LOC110121042,MIR6741,LOC100418874,HLX-AS1,RPLP0P5,LOC107985596,02-Mar,BATF3,PYCR2,LOC100132626,LOC102723834,LOC102723833,USH2A,ACBD3,MIR4742,TUBB8P9,SLC30A10,LOC101927164,BTF3P9,NENF,LOC110121057,LOC101927143,01-Mar,LOC102723817,LOC107984018,LOC107985263,LOC107985262,RNU6-1008P,LOC101929750,RPL34P7,LINC01352,STUM,PROX1-AS1,MIA3,SUSD4,LOC107985272,LOC100271842,CDC42BPA,CCDC185,VN1R15P,RIMKLBP2,GTF2IP20,LINC00210,LOC105373025,LOC105373034,FAM183EP,LOC102723886,LOC105373046,MRPL57P2,FLVCR1,LOC105373041,TAF1A,LINC01655,CAPN2,TGFB2-OT1,TRT-TGT2-1,LOC111429604,GPATCH2,LOC105372934,LOC105372932,NVL,SPATA17-AS1,LOC105372930,LOC105372929,QRSL1P2,LOC105372928,RRP15,LOC105372937,NSL1,LINC02257,MIR320B2,AIDA,NUCKS1P1,LOC105372945,MRPS18BP1,LBR,LOC105372956,LOC101927247,LOC105373475,CICP5,WDR26,LOC728417,LOC100129948,LOC112268255,DEGS1,RNU6-791P,LOC643454,LOC105372984,TATDN3,TGFB2,TGFB2-AS1,LEFTY2,LOC105373122,KRT18P12,BROX,FLVCR1-DT,NDUFB1P2,NDUFA3P3,C1orf143,LEFTY1,LOC107325941,LOC100126822,IARS2,C1orf115,LOC107325942,PPP2R5A,LOC105379282,RNU6-403P,LINC02474,C1orf140,LOC107985354,ACBD3-AS1,LOC107985352,MIXL1,CNIH4,SNORA36B,FAM177B,LOC101060016,SNORA16B,RNU6-1248P,RNU4-57P,LOC110121257,RNU1-141P,MORF4L1P1,HHIPL2,VASH2,TLR5,ENAH,KCTD3,MIR194-1,RN7SL464P,LOC105373061,LOC107985323,LOC105373056,LOC107985318,LOC110121306,LOC110121307,TAF1A-AS1,H3F3A,TMEM206,LOC102724046,ATF3,MIR215,DUSP10,LOC107985338,VDAC1P10,RPS28P2,LOC107985281,DISP1,LOC105373110,LOC105373109,LOC100287497,LOC105373108,LINC01705,LOC105373106,RPS18P3,RPS27P5,TP53BP2,RPS26P17,LOC105373119,LOC105373117,LOC107985300,LOC105373116,LOC105373115,PROX1,TMEM63A,LINC01703,GAPDHP24,LOC107985296,","CNV;Confidence:;679.7054;LOH;Region;ABC_00092;[3];CNV;Bin:;Min;1.5;To;Max;2.5;","15547310","001_00092","212172286"
"1","2","nullSPRTN;GJC2;B3GALNT2;GNPAT;LYST;B3GALNT2;HIST3H3;GNPAT;LYST;MTR;MTR;SPRTN;TBCE;ACTA1;TBCE;TBCE;TBCE;SPRTN;MTR;LYST;","237050464","0.005128205128205","0,10753,391175,391174,731656,100271090,106481233,359948,200205,107546745,107546747,107546746,102724100,2590,51742,100271066,101927478,339501,106479218,100873256,105373289,27184,27185,100873270,100506571,107983960,100873274,100873273,58,106480227,128061,100130249,84033,106481178,101927504,574029,65094,105373199,105373198,105373196,9804,648262,105373207,105373206,107075120,105373201,107985465,107985464,9816,645201,105373215,88,7257,105373212,105373211,105373210,105373209,105373208,100873827,149603,100873314,8290,100873313,100873312,100287902,110121205,105373218,116841,100873835,1130,58480,106480171,106481196,6262,645745,100131725,101927532,106480344,80003,107075306,92815,101927553,388753,100874390,81559,100302691,729257,148641,101927604,104472714,100129094,128178,89780,100500810,183,100431173,106479331,100287814,107075293,3775,108004528,100302139,4811,100302132,74149540,112267873,645339,79573,57568,100874466,2786,5867,9453,6894,111365197,107546778,79605,107546780,644862,6905,100418822,8443,111365208,100270855,126731,22796,101927711,375061,101927683,106481485,56605,64801,100421842,106479466,128308,54583,148789,128312,100616390,7483,106478948,84284,107985746,79169,102723935,100130485,100616380,100288703,101927765,100271292,100506810,57165,112268256,100506795,1570113,55127,54627,112268229,375,101927787,149371,3964,149373,105373124,100616308,105373132,10638,105373143,105379283,84886,440732,440730,105373159,23456,107985359,677802,110121264,105373158,107985358,110121265,107985357,110121266,107985355,100303453,440737,105373167,105373166,105373165,2987,105373164,105373163,105373162,105373161,107548103,644006,101060022,105373172,105373171,105373170,51127,100190799,107985368,106480096,101927851,107985367,100131918,107985366,107985365,107985364,107985363,101929902,107985362,107985361,102465444,110121263,107985360,106480536,2497,729033,55746,7107,4548,574407,100169768,343508,337872,100169760,100169761,27097,100169762,100169763,100169764,100169765,83932,100169766,100169767,100616224,100169753,100847072,100169754,84451,100873185,100169755,100169756,100169757,100169758,100169759,574432,2025,100169751,23029,101927401,729079,100288517,","CAPN9,RPL23AP15,FAM96AP2,LINC01348,RPS21P1,RNU6-180P,IRF2BP2,IBA57,LOC107546745,LOC107546747,LOC107546746,LOC102724100,GALNT2,ARID4B,RPS15P2,LOC101927478,PRSS38,RN7SKP276,MTND4P10,LOC105373289,DISC2,DISC1,MTND5P19,LOC100506571,LOC107983960,RNA5SP19,RNA5SP18,ACTA1,RNU2-70P,C1orf131,PP2672,OBSCN,RNU4-21P,LINC01682,DUSP5P1,JMJD4,LINC01745,LOC105373198,LOC105373196,TOMM20,CICP26,LOC105373207,LOC105373206,MTCYBP14,LOC105373201,LOC107985465,LOC107985464,URB2,HMGB1P26,LOC105373215,ACTN2,TSNAX,LOC105373212,LOC105373211,LOC105373210,LOC105373209,LOC105373208,RNU5E-2P,RNF187,RNA5SP80,HIST3H3,RNA5SP79,RNA5SP78,LGALS8-AS1,LOC110121205,LOC105373218,SNAP47,RNU5A-5P,LYST,RHOU,RNU1-74P,RNU4-77P,RYR2,MT1HL1,LOC100131725,LINC01736,SEPT14P17,PCNX2,MTND4LP21,HIST3H2A,LINC01737,COA6,RAC1P7,TRIM11,LINC00184,RPS24P4,SLC35F3,LOC101927604,DISC1-IT1,BTNL10,EDARADD,WNT3A,MIR3620,AGT,RNY4P16,RN7SL299P,LINC00582,MTCO3P46,KCNK1,LOC108004528,MIR1537,NID1,MIR1182,LOC112267873,SNRPD2P2,TTC13,SIPA1L2,HMGN2P19,GNG4,RAB4A,GGPS1,TARBP1,LOC111365197,LOC107546778,PGBD5,LOC107546780,RPS28P3,TBCE,LOC100418822,GNPAT,LOC111365208,RPL9P10,CCSAP,COG2,LOC101927711,FAM89A,LINC01744,RNU6-968P,ERO1B,ARV1,LOC100421842,RN7SL668P,MRPL55,EGLN1,B3GALNT2,HIST3H2BB,MIR4427,WNT9A,MTND6P14,NTPCR,LOC107985746,C1orf35,LOC102723935,LOC100130485,MIR4671,LOC100288703,LOC101927765,RPL23AP23,LINC01132,GJC2,LOC112268256,LINC01354,HEATR1,MAP10,LOC112268229,ARF1,LOC101927787,EXOC8,LGALS8,LOC149373,LOC105373124,MIR4666A,LOC105373132,SPHAR,LOC105373143,LOC105379283,C1orf198,RPS7P3,TRIM67,LOC105373159,ABCB10,LOC107985359,SNORA14B,LOC110121264,LOC105373158,LOC107985358,LOC110121265,LOC107985357,LOC110121266,LOC107985355,TSNAX-DISC1,RPL35P1,LOC105373167,LOC105373166,LOC105373165,GUK1,LOC105373164,LOC105373163,LOC105373162,LOC105373161,LOC107548103,LOC644006,LOC101060022,LOC105373172,LOC105373171,LOC105373170,TRIM17,LDHAP2,LOC107985368,RNU6-1211P,LOC101927851,LOC107985367,LOC100131918,LOC107985366,LOC107985365,LOC107985364,LOC107985363,LOC101929902,LOC107985362,LOC107985361,MIR6742,LOC110121263,LOC107985360,RN7SL837P,FTH1P2,LOC729033,NUP133,GPR137B,MTR,OBSCN-AS1,RNA5S17,LOC343508,HIST3H2BA,RNA5S9,RNA5S10,TAF5L,RNA5S11,RNA5S12,RNA5S13,RNA5S14,SPRTN,RNA5S15,RNA5S16,MIR4753,RNA5S2,MIR5008,RNA5S3,MAP3K21,MTND3P8,RNA5S4,RNA5S5,RNA5S6,RNA5S7,RNA5S8,IBA57-DT,ENO1P1,RNA5S1,RBM34,LOC101927401,RPSAP21,ISCA1P2,","CNV;Confidence:;578.619;LOH;Region;ABC_00092;[3];CNV;Bin:;Min;1.5;To;Max;2.5;","9318062","001_00092","227732402"
"1","2","nullFMN2;FMN2;FMN2;","240599983","0","0,100873984,64388,56776,128136,1131,105373225,105373224,645884,100131810,107985369,266783,100506915,","CHRM3-AS1,GREM2,FMN2,LOC128136,CHRM3,LOC105373225,LOC105373224,RPS7P5,ADH5P3,LOC107985369,PSMD2P1,CHRM3-AS2,","CNV;Confidence:;92.89482;LOH;Region;ABC_00092;[3];CNV;Bin:;Min;1.5;To;Max;2.5;","1330420","001_00092","239269563"
"1","2","nullZMYM6;","36299169","0.035897435897436","0,643343,100861513,58512,105378647,1296,105378646,105378645,105378644,55700,6421,27285,127703,79830,27095,54936,26523,192670,100506144,106479047,63967,192669,653160,339488,106480957,100419802,100419477,100379666,100128093,9967,9202,23154,111828505,9204,5690,106480802,106481060,79932,","RPL5P4,ZMYM4-AS1,DLGAP3,LOC105378647,COL8A2,LOC105378646,LOC105378645,LOC105378644,MAP7D1,SFPQ,TEKT2,C1orf216,ZMYM1,TRAPPC3,ADPRHL2,AGO1,AGO4,TMEM35B,EFCAB14P1,CLSPN,AGO3,LOC653160,TFAP2E,RN7SL131P,LOC100419802,RPL12P45,RNY5P1,LOC100128093,THRAP3,ZMYM4,NCDN,LOC111828505,ZMYM6,PSMB2,UBE2V2P4,RN7SL503P,KIAA0319L,","CNV;Confidence:;28.18752;LOH;Region;ABC_00093;[4];CNV;Bin:;Min;1.5;To;Max;2.5;","1394077","001_00093","34905092"
"1","2","null1q21.1_recurrent_microdeletion_(susceptibility_locus_for_neurodevelopmental_disorders);1q21.1_recurrent_microduplication_(possible_susceptibility_locus_for_neurodevelopmental_disorders);GJA8;","148977966","0","0,106481627,100189307,106480860,51205,106481630,51463,106479316,2702,100189174,2703,105371223,105371222,100130018,284561,728989,105371231,403230,105371230,2330,403228,105371229,107985525,403229,105371228,105371227,171423,100505824,105371226,105371225,100996763,105371224,100996517,100189531,644131,106480754,102466225,100189140,100132057,647481,391092,100189005,441904,106481646,101447996,111556113,9659,5565,110121261,100188998,101927468,100289211,100034743,112268272,100847044,388685,100189490,106481940,728920,644060,100189485,9557,100270895,200030,728917,607,767851,100189465,102723321,106480190,644591,440672,25832,26860,100189334,26864,100189449,100189193,101954273,101954272,644861,100189056,","RNU1-120P,TRH-GTG1-3,RN7SKP88,ACP6,RNU1-129P,GPR89B,RN7SL261P,GJA5,TRH-GTG1-4,GJA8,LOC105371223,LOC105371222,LOC100130018,LOC284561,LOC728989,LOC105371231,OR13Z3P,LOC105371230,FMO5,OR13Z1P,LOC105371229,LOC107985525,OR13Z2P,LOC105371228,LOC105371227,PDIA3P1,LOC100505824,LINC01731,LOC105371225,LOC100996763,LOC105371224,LOC100996517,TRQ-CTG9-1,CCT8P1,RNA5SP57,MIR6077,TRQ-CTG3-2,LOC100132057,LOC647481,LOC391092,TRN-GTT7-1,LOC441904,RNU2-38P,RNVU1-8,LOC111556113,PDE4DIP,PRKAB2,LOC110121261,TRQ-CTG7-1,LOC101927468,LINC00624,PDZK1P1,LOC112268272,MIR5087,LINC01138,TRN-GTT23-1,RNU6-1171P,PDE4DIPP1,LOC644060,TRE-TTC14-1,CHD1L,RPL7AP15,NBPF11,ABHD17AP1,BCL9,PFN1P4,TRE-TTC6-1,LOC102723321,RNU1-122P,PPIAL4G,NUDT4B,NBPF14,RNU1-13P,TRH-GTG1-2,RNVU1-7,TRR-CCT6-2,TRN-GTT9-2,RNVU1-1,RNVU1-3,NBPF13P,TRQ-CTG4-1,","CNV;Confidence:;40.52487;LOH;Region;ABC_00096;[7];CNV;Bin:;Min;1.5;To;Max;2.5;","1950834","001_00096","147027132"
"1","2","null1p36_microdeletion_syndrome;CAMTA1;CAMTA1;CAMTA1;CAMTA1;ATAD3A;RERE;RERE;CAMTA1;RERE;CAMTA1;PEX10;CAMTA1;ATAD3A;ATAD3A;NPHP4;CAMTA1;CAMTA1;CAMTA1;CAMTA1;CAMTA1;CAMTA1;CAMTA1;B3GALT6;PEX10;DVL1;CEP104;GNB1;GNB1;GNB1;CAMTA1;SKI;CAMTA1;CAMTA1;CAMTA1;NPHP4;CAMTA1;SLC45A1;CAMTA1;CAMTA1;CAMTA1;CAMTA1;CAMTA1;CAMTA1;CAMTA1;NPHP4;NPHP4;DVL1;","8951663","0","0,6146,2563,9731,339456,100129776,401934,441869,8718,3604,106632271,3104,79906,106481275,109623456,100113373,26155,11315,8764,11332,5192,728642,8784,102725193,728661,100287898,107984911,107984910,100128662,107984909,84069,27237,261734,107984904,57449,110121213,100506504,110841581,107984915,7293,9341,57470,107984913,107984912,100288379,728716,100505975,1677,254099,118424,219293,55966,8863,10911,148645,102466740,9903,100131143,9906,54973,49856,105378949,105378948,6339,100422975,65220,100422968,102724312,54991,107075246,112267874,54998,100616489,90326,23261,254173,2782,100505887,554210,440556,643837,100506376,107074708,116983,765,83715,81669,100129534,112268219,112268218,55052,644357,112268220,110599576,100420339,108281189,108281186,100270828,100270829,100616421,100133612,100270823,127262,644896,107985733,107985732,83756,107985729,107985728,127281,199990,54587,8510,1855,8511,108281140,8514,126789,11079,84808,126792,112268285,102724429,140625,142678,390993,112268261,100288175,106783496,390992,64856,105378591,105378590,105378589,79707,106481411,105378586,105378585,105378599,6497,105378598,105378597,54626,105378593,105378592,105378607,105378606,163688,105378605,105378604,105378603,105378602,105378601,105378600,643965,105378610,105378609,105378608,106481952,57212,102724450,102465435,102465434,148870,80772,693135,100130417,107984872,102465436,107984868,107985376,100129381,83858,110121223,101928836,79258,106481604,643988,1953,9636,102724539,115110,23463,55210,148398,101928895,29101,387509,9651,284593,26038,55735,284600,107984850,55229,54206,148413,110120751,406983,80835,57801,85452,406984,51150,5590,102724552,984,473,50651,106480004,388581,105376679,100996583,105376674,388579,105376673,105376672,2023,63976,105376687,388588,105376686,388591,375790,388585,105376682,105376681,106481079,105376680,105376695,284661,105376692,105376691,105376689,339453,7161,339448,148479,339451,","RPL22,GABRD,CEP104,TMEM52,LOC100129776,RNF223,ANKRD65,TNFRSF25,TNFRSF9,SNORD128,ZBTB48,MORN1,RNU6-304P,SNORD167,HMGN2P17,NOC2L,PARK7,TNFRSF14,ACOT7,PEX10,CDK11A,TNFRSF18,LOC102725193,SLC35E2B,TTC34,LOC107984911,LOC107984910,RPL27P3,LOC107984909,PLEKHN1,ARHGEF16,NPHP4,LOC107984904,PLEKHG5,LOC110121213,PRKCZ-AS1,CAMTA1-DT,LOC107984915,TNFRSF4,VAMP3,LRRC47,LOC107984913,LOC107984912,LOC100288379,LINC01346,ENO1-AS1,DFFB,LINC01342,UBE2J2,ATAD3C,AJAP1,PER3,UTS2,LINC00337,MIR6808,KLHL21,RPL23AP19,SLC35E2A,INTS11,WRAP73,LOC105378949,LOC105378948,SCNN1D,MIR4252,NADK,MIR4251,LINC01770,C1orf159,NDUFB4P8,LOC112267874,AURKAIP1,THAP3,CAMTA1,TTLL10,GNB1,LINC01672,MIR429,LINC00982,LINC01128,TTLL10-AS1,RN7SL657P,ACAP3,CA6,ESPN,CCNL2,LOC100129534,LOC112268219,LOC112268218,MRPL20,EEF1DP6,LOC112268220,LOC110599576,LOC100420339,LOC108281189,LOC108281186,RPL37P9,RPL39P12,MIR4689,LINC01134,RPL7P11,TPRG1L,RPL7P7,LOC107985733,LOC107985732,TAS1R3,LOC107985729,LOC107985728,FAM213B,FAAP20,MXRA8,MMP23B,DVL1,MMP23A,LOC108281140,KCNAB2,PUSL1,RER1,PERM1,B3GALT6,LOC112268285,LOC102724429,ACTRT2,MIB2,RPL7AP18,LOC112268261,LOC100288175,LOC106783496,HES3,VWA1,LOC105378591,LOC105378590,LOC105378589,NOL9,RNU6-731P,LOC105378586,LOC105378585,LOC105378599,SKI,LOC105378598,LOC105378597,HES2,LOC105378593,LOC105378592,LOC105378607,LOC105378606,CALML6,LOC105378605,LOC105378604,LOC105378603,LOC105378602,LOC105378601,LOC105378600,TMEM88B,LOC105378610,LOC105378609,LOC105378608,RNU1-7P,TP73-AS1,LOC102724450,MIR6727,MIR6726,CCDC27,CPTP,MIR551A,LOC100130417,LOC107984872,MIR6728,LOC107984868,LOC107985376,LOC100129381,ATAD3B,LOC110121223,LOC101928836,MMEL1,RNU1-8P,FNDC10,MEGF6,ISG15,LINC01714,TNFRSF14-AS1,ICMT,ATAD3A,SAMD11,LINC01786,SSU72,GPR153,PLCH2,FAM41C,CHD5,DNAJC11,LOC284600,LOC107984850,PANK4,ERRFI1,LOC148413,LOC110120751,MIR200A,TAS1R1,HES4,CFAP74,MIR200B,SDF4,PRKCZ,LOC102724552,CDK11B,RERE,SLC45A1,RNU6-991P,C1QTNF12,LINC01646,LOC100996583,LOC105376674,TUBB8P11,LOC105376673,LINC01345,ENO1,PRDM16,LOC105376687,SMIM1,LOC105376686,RNF207,AGRN,HES5,LOC105376682,LOC105376681,RN7SL574P,LOC105376680,LOC105376695,LINC01777,LOC105376692,LOC105376691,LOC105376689,TMEM240,TP73,C1orf174,PHF13,KLHL17,","CNV;Confidence:;487.9714;LOH;Region;ABC_00097;[8];CNV;Bin:;Min;1.5;To;Max;2.5;","8092711","001_00097","858952"
"1","2","null","195717471","0.015384615384615","105371671,107985458,","LOC105371671,LOC107985458,","CNV;Confidence:;33.1978;LOH;Region;ABC_00099;[10];CNV;Bin:;Min;1.5;To;Max;2.5;","1204235","001_00099","194513236"
"1","2","null1p36_microdeletion_syndrome;NMNAT1;DHRS3;NMNAT1;MTHFR;DHRS3;DHRS3;PLOD1;MTHFR;MTOR;NMNAT1;PEX14;PLOD1;","12777427","0","0,60672,407040,93190,106479696,100616438,106783575,112268221,4878,4879,106478920,106614088,199953,5394,101060126,343066,100421341,9249,64802,10277,107985734,102724659,1325,126767,80176,155184,84275,23095,102465836,100873279,110120623,6723,110120666,106481426,106480915,5195,390997,378708,390996,390999,390998,284498,110121160,110120648,9563,100506022,101929074,22883,106479932,100873829,84328,5226,100526739,110120672,54897,107048981,6518,90231,26232,107984917,107984916,148345,100379251,106480336,105376717,116362,23435,644997,1676,105376712,105376725,55187,106481100,105376735,106481089,105376733,26270,1185,105376740,105376739,56998,105376737,105376736,374946,93611,2475,80045,4524,5293,943,105376744,102466722,110121258,110121260,642740,102466982,102724571,57540,100422970,9927,100420660,100873935,100847055,26829,101929181,100270891,100270883,29914,106480259,10459,7133,106479804,100270877,5351,106479551,10218,109729120,111591499,106480302,677885,10747,57085,","MIIP,MIR34A,C1orf158,RNU6-291P,MIR4632,LOC106783575,LOC112268221,NPPA,NPPB,RNU6-37P,MIR34AHG,TMEM201,EXOSC10,LOC101060126,AADACL4,UBE2V2P3,DHRS3,NMNAT1,UBE4B,LOC107985734,LOC102724659,CORT,AADACL3,SPSB1,SLC2A7,SLC25A33,KIF1B,MIR7846,RNA5SP40,LOC110120623,SRM,LOC110120666,RNU6-777P,RN7SKP269,PEX14,LOC390997,CENPS,CFL1P6,PRAMEF12,RPL10P17,C1orf167,LOC110121160,LOC110120648,H6PD,LOC100506022,PIK3CD-AS2,CLSTN1,RNU6-828P,RNU5E-4P,LZIC,PGD,CENPS-CORT,LOC110120672,CASZ1,RN7SL731P,SLC2A5,KIAA2013,FBXO2,LOC107984917,LOC107984916,C1orf127,NPPA-AS1,RPL23AP89,LOC105376717,RBP7,TARDBP,PIK3CD-AS1,DFFA,LOC105376712,LOC105376725,VPS13D,RN7SL649P,LOC105376735,RN7SL614P,LOC105376733,FBXO6,CLCN6,LOC105376740,LOC105376739,CTNNBIP1,LOC105376737,LOC105376736,DRAXIN,FBXO44,MTOR,GPR157,MTHFR,PIK3CD,TNFRSF8,LOC105376744,MIR6730,LOC110121258,LOC110121260,RPL9P11,MIR6729,LINC01759,DISP3,MFN2,PGAM1P11,MTOR-AS1,MIR5697,RNU5E-1,LINC01647,RPL39P6,RPL26P7,UBIAD1,HSPE1P24,MAD2L2,TNFRSF1B,RNU6-537P,RPL21P21,PLOD1,RNU6ATAC18P,ANGPTL7,MTCYBP45,LOC111591499,MZT1P1,SNORA59A,MASP2,AGTRAP,","CNV;Confidence:;199.1299;LOH;Region;ABC_00102;[13];CNV;Bin:;Min;1.5;To;Max;2.5;","3777276","001_00102","9000151"
"1","2","nullCLCNKA;ATP13A2;ALDH4A1;CLCNKA;EMC1;ATP13A2;ALPL;ALDH4A1;ALPL;ALDH4A1;CLCNKA;DDOST;EMC1;EMC1;EMC1;ATP13A2;ALDH4A1;CLCNKB;ALPL;CLCNKB;","21839470","0","0,101927441,79363,100616188,729614,100421113,105376834,200197,100421114,100189183,105376832,106501713,106501712,441878,23569,441876,343068,7193,23065,343070,7195,7709,645652,401944,101927479,111562380,339505,729662,284723,149563,63036,284729,100302276,106480152,11330,100133301,101928017,100873280,100616120,4681,280661,107985469,107985468,107985467,64600,94297,105376794,30814,163933,105376806,105376805,106481724,6248,105376815,101927546,105376814,105376812,105376809,105376808,100861548,55920,54896,105376823,100500876,1650,105376819,105376818,107984921,105376817,7799,107984919,107984918,50809,105376830,105376829,105376828,105376827,105376826,105376825,114819,106479323,255104,114827,100189045,4237,727684,55450,106480835,81569,107985101,1187,1188,23207,26279,374955,100302155,791226,54455,100419911,100129611,101056699,111828503,106479333,100132147,100189500,5320,5322,101060301,645317,23252,23254,100189486,127707,106480261,100189479,645354,84196,645359,102724856,57576,79594,112267871,440567,127731,107984028,127733,440563,26869,26870,6390,26871,29943,440574,249,440568,84224,3339,645382,112268222,128272,100132070,54546,5909,126755,3362,107985736,102723383,23341,106481526,645414,107985759,107985758,107985757,55092,645425,23352,653619,832,348487,111501793,84809,842,84301,100506801,79180,343381,51032,391004,102464833,391003,391002,391013,400743,391012,1889,100421279,400736,767853,100420251,23400,107397391,100421269,100421267,400745,105378614,105378612,55672,55160,106479907,8574,110806303,10630,108175348,100189298,106479570,107105261,108254694,729500,100506730,55707,246181,935,106479092,6060,105376759,1969,729528,105376756,105376767,100421184,105376762,22977,80834,126917,101927895,79814,11209,494541,51154,978,353238,8659,11223,101927876,5081,54751,100271141,9696,8672,23013,84966,11240,101927417,729574,644068,106481579,26099,650236,388595,51702,388605,27129,65018,100532736,","LOC101927441,CPLANE2,MIR3972,FLJ37453,CROCCP4,LOC105376834,TMEM51-AS1,CROCCP5,TRN-GTT13-1,LOC105376832,LOC106501713,LOC106501712,RPS4XP4,PADI4,RPS16P1,PRAMEF5,TRE-TTC3-1,EMC1,PRAMEF9,TRNAG1,ZBTB17,MT1XP1,LDLRAD2,LOC101927479,LOC111562380,LINC01141,RPL22P3,SLC25A34,SRARP,CELA2A,ESPNP,MIR1290,RNU1-6P,CTRC,FAM231BP,UBXN10-AS1,RNA5SP41,MIR4695,NBL1,EIF1AXP1,LOC107985469,LOC107985468,LOC107985467,PLA2G2F,PPP1R11P1,LOC105376794,PLA2G2E,FAM43B,LOC105376806,LOC105376805,BRWD1P1,RSC1A1,LOC105376815,ANO7L1,IGSF21-AS1,LOC105376812,LOC105376809,LOC105376808,PINK1-AS,RCC2,PQLC2,LOC105376823,MIR3675,DDOST,LOC105376819,LOC105376818,LINC01772,LOC105376817,PRDM2,LOC107984919,LOC107984918,HP1BP3,LOC105376830,LOC105376829,LOC105376828,LINC01757,LOC105376826,LOC105376825,CROCCP3,RN7SL277P,TMCO4,FHAD1,TRG-CCC5-1,MFAP2,C1orf195,CAMK2N1,RNU7-200P,ACTL8,LOC107985101,CLCNKA,CLCNKB,PLEKHM2,PLA2G2D,SPATA21,MIR1256,TRN-GTT4-1,FBXO42,LOC100419911,PRAMEF31P,TRK-CTT7-1,LOC111828503,RN7SL304P,LINC01783,TRV-CAC13-1,PLA2G2A,PLA2G5,HNRNPCL4,CHCHD2P6,OTUD3,KAZN,TRG-CCC4-1,KLHDC7A,HSPE1P27,TRV-CAC11-2,PRAMEF36P,USP48,PRAMEF26,LOC102724856,KIF17,MUL1,LOC112267871,UQCRHL,VWA5B1,LOC107984028,UBXN10,HNRNPCL2,RNU1-3,RNU1-2,SDHB,RNU1-1,PADI1,MINOS1,ALPL,LOC440568,NBPF3,HSPG2,PRAMEF33,LOC112268222,ARHGEF19,FAM231EP,RNF186,RAP1GAP,LRRC38,HTR6,LOC107985736,LOC102723383,DNAJC16,RNU6-1099P,PRAMEF19,TRNAG-CCC,TRNAE-UUC,TRNAN-GUU,TMEM51,PRAMEF20,UBR4,PRAMEF15,CAPZB,FAM131C,LOC111501793,CROCCP2,CASP9,DDI2,LOC100506801,EFHD2,NBPF2P,CELA2B,PRAMEF17,MIR6084,PRAMEF18,PRAMEF8,PLA2G2C,LOC400743,DYNLL1P3,ECE1,LOC100421279,PRAMEF13,PFN1P10,LOC100420251,ATP13A2,SCARNA21B,LOC100421269,LOC100421267,SH2D5,LOC105378614,LOC105378612,NBPF1,ARHGEF10L,RNU6-771P,AKR7A2,SLC25A34-AS1,PDPN,LOC108175348,TRG-CCC1-2,RNU4-28P,RNU1-5P,LOC108254694,RPL12P14,LOC100506730,NECAP2,AKR7L,CD24P1,RNU7-179P,RNU1-4,LOC105376759,EPHA2,PRAMEF14,LOC105376756,LOC105376767,LOC100421184,KAZN-AS1,AKR7A3,TAS1R2,IFFO2,LOC101927895,AGMAT,MST1P2,TBCAP2,MRTO4,CDA,PADI6,ALDH4A1,MST1L,LINC01654,PAX7,FBLIM1,RPS15AP6,CROCC,EIF4G3,SPEN,IGSF21,PADI2,LOC101927417,FAM231AP,RPS14P3,RNU6-1265P,SZRD1,PRAMEF32P,TMEM82,PADI3,HS6ST1P1,HSPB7,PINK1,MINOS1-NBL1,","CNV;Confidence:;550.9349;LOH;Region;ABC_00102;[13];CNV;Bin:;Min;1.5;To;Max;2.5;","8728445","001_00102","13111025"
"1","2","nullGRHL3;GRHL3;GRHL3;ZBTB40;HSPG2;ZBTB40;KDM1A;HMGCL;GRHL3;ZBTB40;GALE;WNT4;HSPG2;KDM1A;GALE;GALE;HMGCL;FUCA1;","25284197","0","0,2048,57095,6920,105376845,10250,3339,729856,6924,112268223,100616433,100616177,106480972,10772,105376850,2582,3352,105376863,105376861,105376860,105376859,105376856,105376871,107985737,105376864,105376879,105376878,105376876,102466615,100422866,11313,105376882,100616391,127295,127294,55616,3399,107984932,107984931,25932,55629,1870,107984929,107984928,106479625,100616365,3155,109851610,54361,111721714,106479364,25949,864,57185,58985,391020,400746,391019,105378615,11123,163702,7798,6007,101928043,646262,106480094,102465437,23436,107985377,106480586,100506985,10136,100996511,148898,90529,107985102,29092,100506963,80818,646330,106480608,9923,106480016,712,713,714,57035,259283,100616492,2517,284632,57822,100270884,998,729059,101928163,23028,100750325,1269,6135,440575,10236,2046,100422914,","EPHB2,PITHD1,TCEA3,LOC105376845,SRRM1,HSPG2,LOC729856,ELOA,LOC112268223,MIR4418,RN7SL186P,SRSF10,LOC105376850,GALE,HTR1D,LOC105376863,LOC105376861,LOC105376860,LOC105376859,LOC105376856,LOC105376871,LOC107985737,LOC105376864,LOC105376879,LOC105376878,LOC105376876,MIR6127,MIR3115,LYPLA2,LOC105376882,MIR4684,RPL36P5,MYOM3,ASAP3,ID3,LOC107984932,LOC107984931,CLIC4,PNRC2,E2F2,LOC107984929,LOC107984928,RNU6-135P,MIR4425,HMGCL,LOC109851610,WNT4,LOC111721714,RN7SL386P,SYF2,RUNX3,NIPAL3,IL22RA1,LOC391020,NCMAP,RPL29P6,LOC105378615,RCAN3,IFNLR1,LUZP1,RHD,LINC01635,LACTBL1,RNU6-1208P,MIR6731,CELA3B,LOC107985377,RNU6-514P,LOC100506985,CELA3A,LINC01355,ZNF436-AS1,STPG1,LOC107985102,LINC00339,ELOA-AS1,ZNF436,BTBD6P1,RNU6-776P,ZBTB40,RNU6-1022P,C1QA,C1QB,C1QC,RSRP1,MDS2,MIR378F,FUCA1,LOC284632,GRHL3,RPL26P8,CDC42,TEX46,LOC101928163,KDM1A,RCAN3AS,CNR2,RPL11,RPL21P29,HNRNPR,EPHA8,MIR4253,","CNV;Confidence:;181.0473;LOH;Region;ABC_00102;[13];CNV;Bin:;Min;1.5;To;Max;2.5;","3411159","001_00102","21873038"
"1","2","nullMECR;MECR;MECR;MECR;DHDDS;PIGV;PIGV;ARID1A;MECR;MECR;CNKSR1;CNKSR1;DHDDS;MECR;DHDDS;CNKSR1;DHDDS;MECR;DHDDS;ARID1A;MECR;MECR;MECR;MECR;MECR;AHDC1;","30058038","0","0,100128503,9473,388611,26119,388610,440577,101928216,101928728,2827,54797,10256,55057,84243,1043,93974,64793,6429,101928460,85028,22826,57134,105376886,105376885,6195,79927,100420555,105376892,111216282,105376890,107988049,105376888,106479644,115273,55113,107984934,79947,107984933,646471,257101,3151,1104,3925,2134,106481167,2140,5724,10076,106481925,84065,100131223,111501765,359780,8289,51042,55650,8547,692073,7780,57190,729955,644961,9064,27245,79727,100129926,100420494,399474,56181,115572,6006,23673,4985,101928303,729973,105378616,110806296,677774,5511,100147816,26768,100302190,6548,101928324,79000,91544,27293,51102,63906,646572,106479615,100874411,54952,100128092,100874415,101929406,149420,646567,102723760,378807,55219,54707,10163,100500808,106480109,65979,5051,199870,6080,100887744,10691,677838,84676,105376898,26824,105376910,677825,646597,106479753,100270888,83667,100270889,101928391,100270892,110121289,2268,729301,84958,106481849,6883,8420,10726,126695,6118,106481855,106479281,2537,646624,8431,51441,83442,2035,653566,164091,2810,23038,692212,","DPPA2P2,THEMIS2,CD164L2,LDLRAP1,TRNP1,NPM1P39,LOC101928216,LOC101928728,GPR3,MED18,CNKSR1,CRYBG2,ZDHHC18,CD52,ATP5IF1,CEP85,SRSF4,LINC01756,SNHG12,DNAJC8,MAN1C1,LOC105376886,LOC105376885,RPS6KA1,FAM110D,RPEP3,LOC105376892,LINC02574,LOC105376890,LOC107988049,LOC105376888,RNU6-176P,RAB42,XKR8,LOC107984934,DHDDS,LOC107984933,LOC646471,ZNF683,HMGN2,RCC1,STMN1,EXTL1,RNU6ATAC27P,EYA3,PTAFR,PTPRU,RNU6-949P,TMEM222,LOC100131223,LOC111501765,MRPS6P1,ARID1A,ZNF593,PIGV,FCN3,SNORA16A,SLC30A2,SELENON,RPL18AP5,ACTG1P20,MAP3K6,AHDC1,LIN28A,RPL12P13,LOC100420494,TMEM200B,MTFR1L,FAM46B,RHCE,STX12,OPRD1,LOC101928303,LOC729973,LINC01715,C1orf232,SCARNA1,PPP1R8,RNU7-29P,SNORA73B,MIR1976,SLC9A1,LOC101928324,AUNIP,UBXN11,SMPDL3B,MECR,GPATCH3,CHCHD3P3,RNU6-110P,SNRPFP2,TRNAU1AP,PRDX3P2,SNRPEP7,LINC01648,PDIK1L,OSTCP2,LOC102723760,CATSPER4,MACO1,GPN2,WASF2,MIR3917,RNU6-1245P,PHACTR4,PAFAH2,FAM76A,SNORA73A,RNU6-48P,GMEB1,SNORA61,TRIM63,LOC105376898,RNU11,LOC105376910,SNORA44,CHMP1AP1,RNU6-424P,RPL32P6,SESN2,RPL34P4,LOC101928391,RPL39P7,LOC110121289,FGR,RPL17P9,SYTL1,RN7SL559P,TAF12,SNHG3,NUDC,KDF1,RPA2,RN7SL679P,RN7SL165P,IFI6,RPL27P4,NR0B2,YTHDF2,SH3BGRL3,EPB41,SPCS2P4,PAQR7,SFN,WDTC1,SNORD99,","CNV;Confidence:;164.0217;LOH;Region;ABC_00102;[13];CNV;Bin:;Min;1.5;To;Max;2.5;","4641414","001_00102","25416624"
"1","2","nullAK2;AK2;AK2;AK2;AK2;AK2;AK2;ZMYM6;AK2;GJB3;AK2;GJB3;","36534832","0.005128205128205","0,692234,105378631,692235,102723870,105378629,105378628,105378626,105378625,643343,105378639,105378638,105378635,100420336,105378632,110121088,105378647,1296,105378646,105378645,105378644,105378642,6421,105378641,105378640,339487,100616164,1307,441880,339483,79140,113444,339488,100419802,5928,113451,113452,343338,127534,57648,4146,101929254,127540,127545,127544,5690,79932,728116,127550,576,252995,100873281,107984940,55108,106481180,100419257,107984936,107984935,653121,100861513,55116,149069,107985471,107985470,23633,51538,347735,65108,81493,149076,100129196,149086,3932,402779,100287140,114784,653160,106480954,106480957,106480703,100419477,400748,79729,112268224,23154,100422287,8565,105378623,1912,105378622,105378621,2170,105378620,105378618,7805,23679,64129,284551,106480861,100423028,3208,100500853,8073,110120729,100131451,2701,58512,200081,553115,2707,55700,2709,27285,54936,55194,7579,693137,26523,192670,106480837,106479047,192669,10657,1441,107985097,100847018,55721,100128093,100128071,111828505,110594336,55223,108254669,64960,9410,109616970,9672,204,79570,127700,127703,79830,27095,83931,8668,81629,100506144,63967,9698,692200,100270878,90853,84967,100379666,101929464,84970,9967,9202,9204,3061,106481839,101929444,3065,106480802,105379772,106481060,64766,56063,84734,","SNORD103A,LOC105378631,SNORD103B,LOC102723870,LOC105378629,LOC105378628,LOC105378626,LOC105378625,RPL5P4,LOC105378639,LOC105378638,LOC105378635,LOC100420336,LOC105378632,LOC110121088,LOC105378647,COL8A2,LOC105378646,LOC105378645,LOC105378644,LOC105378642,SFPQ,LOC105378641,LOC105378640,ZBTB8OS,MIR4420,COL16A1,LOC441880,MTMR9LP,CCDC28B,SMIM12,TFAP2E,LOC100419802,RBBP4,AZIN2,TMEM54,GAPDHP20,GJB4,KIAA1522,MATN1,LRRC37A12P,HMGB4,RPL18AP4,RNF19B,PSMB2,KIAA0319L,ZBTB8B,A3GALT2,ADGRB2,FNDC5,RNA5SP42,LOC107984940,BSDC1,RNU4-27P,LOC100419257,LOC107984936,LOC107984935,ZBTB8A,ZMYM4-AS1,TMEM39B,DCDC2B,LOC107985471,LOC107985470,KPNA6,ZCCHC17,SERINC2,MARCKSL1,SYNC,ZNF362,MATN1-AS1,LINC01225,LCK,CSMD2-AS1,HSPD1P14,CSMD2,LOC653160,RN7SL122P,RN7SL131P,RNU6-40P,RPL12P45,LOC400748,SH3D21,LOC112268224,NCDN,LOC100422287,YARS,LOC105378623,PHC2,LINC01778,LOC105378621,FABP3,LOC105378620,LOC105378618,LAPTM5,SELENOWP1,TINAGL1,LINC01226,RN7SKP91,MIR4254,HPCA,MIR3605,PTP4A2,LOC110120729,TLR12P,GJA4,DLGAP3,TXLNA,PEF1,GJB3,MAP7D1,GJB5,TEKT2,ADPRHL2,EVA1B,ZSCAN20,MIR552,AGO1,AGO4,RN7SKP16,EFCAB14P1,AGO3,KHDRBS1,CSF3R,LOC107985097,MIR5585,IQCC,LOC100128093,FAM229A,LOC111828505,LOC110594336,TRIM62,LOC108254669,MRPS15,SNRNP40,SNORA63C,SDC3,AK2,NKAIN1,OSCP1,C1orf216,ZMYM1,TRAPPC3,STK40,EIF3I,TSSK3,TMEM35B,CLSPN,PUM1,SNORD103C,RPL21P22,SPOCD1,LSM10,RNY5P1,LOC101929464,C1orf94,THRAP3,ZMYM4,ZMYM6,HCRTR1,RN7SL371P,LOC101929444,HDAC1,UBE2V2P4,LOC105379772,RN7SL503P,S100PBP,TMEM234,FAM167B,","CNV;Confidence:;262.1195;LOH;Region;ABC_00102;[13];CNV;Bin:;Min;1.5;To;Max;2.5;","6307120","001_00102","30227712"
"1","2","nullALG6;SLC35D1;DOCK7;DOCK7;DOCK7;NFIA;NFIA;NFIA;PGM1;PGM1;DOCK7;DOCK7;DOCK7;NFIA;PGM1;","67897029","0.01025641025641","0,110121108,110120599,110120600,100422902,3595,106480970,5142,26135,441887,84251,106480506,10022,107984966,100130270,107984965,107984964,106479731,100422871,102464823,110121124,100130497,4919,100129205,110120659,54596,107075109,100873288,57685,100131759,106480645,102724416,100289178,100130196,9829,106478910,148581,101927034,406893,79469,106479924,57708,100616338,1647,106479401,3953,112268227,400757,5236,106866980,23421,391045,23169,3716,100151677,106479071,106479056,106480592,105378766,100500854,27022,100128377,105378774,100151657,105378773,105378772,105378771,105378770,105378769,105378768,105378781,105378780,105378779,102724481,105378776,55970,4774,106480383,110120763,645030,106479599,55225,106481891,101927084,102724319,85440,27329,163782,200132,100996301,414927,110121050,79819,84938,106480020,205,106480267,100131874,54741,106481551,199899,100422694,100271137,100271142,106479749,100422946,10207,199900,83941,7398,84455,29929,106479539,101927139,149233,106479269,","LOC110121108,LOC110120599,LOC110120600,MIR3116-1,IL12RB2,RN7SL180P,PDE4B,SERBP1,LOC441887,SGIP1,RN7SL392P,INSL5,LOC107984966,LOC100130270,LOC107984965,LOC107984964,RNU6-371P,MIR3117,MIR6068,LOC110121124,LOC100130497,ROR1,LOC100129205,LOC110120659,L1TD1,RPSAP65,RNA5SP49,CACHD1,RPL19P3,RNU6-1177P,LOC102724416,GNG12-AS1,HNRNPCP9,DNAJC6,LAMTOR5P1,UBE2U,ROR1-AS1,MIR101-1,DLEU2L,RNU6-809P,MIER1,MIR4794,GADD45A,RN7SL488P,LEPR,LOC112268227,C1orf141,PGM1,RNU2-15P,ITGB3BP,SLC2A3P2,SLC35D1,JAK1,RNU7-80P,RNU7-123P,PIGPP2,RNU6-586P,LOC105378766,MIR3671,FOXD3,RPS29P7,LOC105378774,RNU7-62P,LOC105378773,LOC105378772,LOC105378771,LOC105378770,LINC01739,LOC105378768,LOC105378781,LOC105378780,LOC105378779,LINC01702,LOC105378776,GNG12,NFIA,RN7SL854P,LOC110120763,NFIA-AS1,RNU4-88P,RAVER2,RNU6-387P,LINC01359,LOC102724319,DOCK7,ANGPTL3,KANK4,TCTEX1D1,FOXD3-AS1,MGC34796,LOC110121050,WDR78,ATG4C,RNU6-1031P,AK4,COX6CP13,CFL1P3,LEPROT,RNU6-1176P,LINC00466,LOC100422694,RPL13AP9,RPS15AP7,RNU6-414P,MIR3116-2,PATJ,MRPS21P1,TM2D1,USP1,EFCAB7,ALG6,RNU4ATAC4P,LOC101927139,IL23R,RN7SL130P,","CNV;Confidence:;363.6206;LOH;Region;ABC_00102;[13];CNV;Bin:;Min;1.5;To;Max;2.5;","6681201","001_00102","61215828"
"1","2","nullGLMN;GLMN;GLMN;","96997868","0","0,100130802,101928219,107985761,100874508,1810,100996630,100130531,440594,440595,106481486,107075191,24,106480192,100131564,284697,107985521,100996635,107075198,645931,101928241,441893,100873255,441891,100289500,100419803,22823,106479216,58155,388649,106479476,388650,148534,100189133,50999,107075162,106481764,100286918,107075164,343099,101060164,723788,100873291,100127934,100130235,107985727,102723661,100462767,100418724,54874,25950,107985420,100421273,107985417,2152,105378863,105378862,105378861,107985412,100129180,105378860,105378859,105378858,105378856,2672,102723436,106479659,30836,106479149,105378866,105378864,112268232,729970,100126348,8317,100616321,7813,102723480,7049,11146,653702,100873879,106481101,100527978,101928079,26782,106481862,106481146,676,101928118,646817,100128094,107075272,2730,107985092,343477,101928098,199857,105379825,100240711,5825,100421182,6083,9411,5574,619457,106481042,164045,100270882,8412,100129046,253152,6125,1266,23285,126969,101928169,79871,","RPL39P13,LOC101928219,TRNAC-GCA,CHCHD2P5,DR1,LINC01760,LOC100130531,LINC01761,EEF1A1P11,RNU6-970P,MTCO2P21,ABCA4,RNU1-130P,CCDC18-AS1,BTBD8,LOC107985521,LOC100996635,MTND3P21,FEN1P1,LINC01787,GAPDHP29,MTND4P11,WDR82P2,LOC100289500,LOC100419803,MTF2,RN7SKP270,PTBP2,C1orf146,RN7SL692P,FAM69A,TMEM56,TRR-TCT1-1,TMED5,MTCO3P21,RNU4-59P,NDUFS5P2,MTCO1P21,CCDC18,LOC101060164,MIG7,RNA5SP53,LOC100127934,KATNBL1P2,LOC107985727,LOC102723661,ACTBP12,CCNJP2,FNBP1L,RWDD3,LOC107985420,LOC100421273,LOC107985417,F3,LOC105378863,LOC105378862,LOC105378861,LOC107985412,RPL36AP11,LOC105378860,LOC105378859,LOC105378858,LOC105378856,GFI1,LOC102723436,RNU6-210P,DNTTIP2,RN7SKP123,LOC105378866,LOC105378864,LOC112268232,LOC729970,MIR760,CDC7,MIR378G,EVI5,LOC102723480,TGFBR3,GLMN,RPL7P9,HMGB3P9,RN7SL653P,TMEM56-RWDD3,SLC44A3-AS1,SNORA66,RN7SL831P,RN7SL824P,BRDT,LOC101928118,SETSIP,LPCAT2BP,MTATP6P13,GCLM,LOC107985092,HSP90B3P,LOC101928098,ALG14,LOC105379825,GAPDHP46,ABCD3,PGBD4P7,SNORD21,ARHGAP29,PRKAR1AP1,UBE2WP1,RN7SL440P,HFM1,RPL21P26,BCAR3,LOC100129046,EPHX4,RPL5,CNN3,KIAA1107,SLC44A3,LINC01650,RPAP2,","CNV;Confidence:;220.7681;LOH;Region;ABC_00102;[13];CNV;Bin:;Min;1.5;To;Max;2.5;","5938785","001_00102","91059083"
"1","2","null","186875794","0","0,83872,105371654,105371653,103752588,7175,10216,102724919,54953,5321,5132,5743,10896,100131939,101929093,107985239,106866914,","HMCN1,LOC105371654,GS1-204I12.4,PACERR,TPR,PRG4,LOC102724919,ODR4,PLA2G4A,PDC,PTGS2,OCLM,LOC100131939,LINC01350,LOC107985239,RNU6-1240P,","CNV;Confidence:;26.907;LOH;Region;ABC_00102;[13];CNV;Bin:;Min;1.5;To;Max;2.5;","1272107","001_00102","185603687"
"1","2","null","73782056","0.01025641025641","107985391,109729166,106479103,105378799,106478992,105378798,339468,105378797,105378796,101927295,105378802,106480110,105378801,105378800,126811,","LOC107985391,LINC02238,RN7SKP19,LOC105378799,RNA5SP50,LOC105378798,LOC339468,LOC105378797,LOC105378796,LINC01360,LOC105378802,RNU6-1246P,LOC105378801,LOC105378800,KRT8P21,","CNV;Confidence:;25.30685;LOH;Region;ABC_00108;[19];CNV;Bin:;Min;1.5;To;Max;2.5;","1409210","001_00108","72372846"
